Soil_pH,Nitrogen_N,Phosphorus_P,Potassium_K,Organic_Carbon,Rainfall_mm,Temperature_C,Humidity_%,Irrigation,Season,Landholding_ha,Crop,Yield_q_per_ha,MarketPrice_Rs_per_q
6.12,96,21,81,1.09,428,22.8,43.6,Canal,Kharif,3.08,Pigeonpea,30.9,3571
7.85,61,56,77,1.29,1374,23.2,75.2,TubeWell,Zaid,4.68,Paddy,18.2,4500
7.2,111,27,71,0.38,434,34.7,60.1,Pond,Rabi,4.23,Soybean,16,4867
6.8,129,30,66,1.23,1022,28.9,86,TubeWell,Rabi,1.95,Mustard,32,1926
5.47,132,22,108,1.29,988,30.2,72.5,Canal,Kharif,1.57,Chickpea,35,2848
5.47,57,30,139,0.85,1570,34.6,44.5,TubeWell,Kharif,1.68,Chickpea,26.1,5512
5.17,198,17,248,1.48,1490,24.4,87.4,Canal,Kharif,2.77,Pigeonpea,34.7,2469
7.6,130,55,155,1.24,1303,31.6,52.9,Canal,Rabi,3.85,Vegetables,25.8,5743
6.8,167,16,234,1.23,919,25.4,56.9,Canal,Rabi,2.76,Vegetables,27.8,1518
7.12,74,32,75,1.2,521,32.8,60.1,Rainfed,Rabi,0.81,Groundnut,18.5,4675
5.06,138,31,74,0.48,739,21.1,42.6,Rainfed,Rabi,3.76,Paddy,19.7,3978
7.91,61,31,187,0.56,574,34.1,64.8,TubeWell,Kharif,4.13,Millets,11.9,4258
7.5,192,38,94,0.86,996,21.7,46.2,Canal,Kharif,1.8,Pigeonpea,30.2,5334
5.64,108,22,132,0.62,850,23.5,60,Rainfed,Kharif,3.49,Maize,33.1,2802
5.55,158,11,60,0.8,956,30.9,57.5,TubeWell,Kharif,2.42,Groundnut,24.8,3456
5.55,75,38,230,1.37,1559,24.7,78.6,TubeWell,Kharif,4.5,Urad,17.3,2029
5.91,96,61,249,1.29,1439,28.3,80.2,TubeWell,Zaid,4.3,Paddy,12.2,2055
6.57,81,36,153,1.06,408,25.6,47.7,TubeWell,Kharif,2.86,Groundnut,15.2,3848
6.3,59,59,117,1.33,733,30.6,58.3,TubeWell,Zaid,3.61,Pigeonpea,14.9,3058
5.87,65,32,144,1.24,1416,21.9,58.7,Pond,Kharif,4.48,Millets,24.6,2302
6.84,194,53,205,0.81,726,19,47.6,Canal,Zaid,2.73,Maize,33.5,3681
5.42,75,31,114,0.54,414,23.1,79.9,TubeWell,Rabi,1.91,Mustard,9.3,3020
5.88,135,52,98,0.92,1238,26.1,75.4,Pond,Zaid,3.89,Groundnut,8,3279
6.1,184,46,224,1.18,625,20.9,49.5,Canal,Kharif,1.49,Mustard,24.2,4358
6.37,63,70,101,0.82,512,24,58.3,Rainfed,Rabi,2.25,Wheat,15.7,3640
7.36,128,65,151,1.1,400,24.8,45.3,TubeWell,Zaid,4.4,Chickpea,31.8,4884
5.6,166,12,231,0.41,665,19,71.4,Pond,Kharif,3.76,Soybean,16.8,2455
6.54,56,72,237,1.2,1351,27.9,46.1,Rainfed,Kharif,2.32,Chickpea,15.8,4157
6.78,186,28,106,1.28,705,33,89.3,Pond,Kharif,1.47,Urad,15.3,4851
5.14,164,32,96,1.15,411,20.6,79,Canal,Zaid,2.1,Vegetables,11.9,3439
6.82,121,38,208,1.46,1336,28.2,59.5,Canal,Rabi,1.78,Millets,23.7,3139
5.51,108,39,223,1.29,819,29.3,68.9,Rainfed,Rabi,1.29,Maize,12.5,1469
5.2,131,48,75,1.38,1288,25.1,85.6,Pond,Kharif,3.84,Mustard,19.5,5264
7.85,165,34,163,1.42,570,29.9,67.7,TubeWell,Kharif,1.63,Pigeonpea,20.4,4975
7.9,195,17,54,1.26,533,25,48.7,TubeWell,Rabi,2.54,Mustard,8.6,2312
7.43,152,67,133,1.11,1364,26.6,58.9,Rainfed,Kharif,2.24,Millets,8.5,1848
5.91,66,25,101,0.31,1448,18.1,82.2,Rainfed,Rabi,4.92,Pigeonpea,22,2379
5.29,63,10,154,0.86,1564,29.8,72.2,Rainfed,Zaid,2.26,Pigeonpea,26.8,3342
7.05,157,14,103,0.99,1057,29.2,72.5,Pond,Kharif,0.86,Urad,33.4,1216
6.32,94,12,210,0.66,1515,18.7,83.3,TubeWell,Rabi,0.9,Millets,12.8,1316
5.37,147,74,227,0.68,578,24.3,84.7,TubeWell,Kharif,3.16,Groundnut,10.8,2745
6.49,180,13,215,1.45,1479,34.6,86,TubeWell,Rabi,3.2,Chickpea,9.4,4351
5.1,86,73,204,1.37,1578,25.2,44.7,Rainfed,Kharif,2.38,Vegetables,19.8,3893
7.73,157,19,64,1.32,510,26.5,67.2,TubeWell,Rabi,2.44,Wheat,24.8,5289
5.78,88,30,110,0.79,536,33.5,77,Canal,Kharif,0.74,Mustard,30.7,2476
6.99,64,55,171,0.32,631,30.2,77.8,Rainfed,Kharif,2.82,Groundnut,26.4,4440
5.94,169,36,70,0.4,1391,27.9,70.3,TubeWell,Rabi,2.77,Wheat,13.6,4988
6.56,53,75,95,0.67,867,31.6,48.3,Pond,Kharif,1.17,Maize,20.5,1571
6.64,142,50,246,0.32,1131,32.7,79.9,Rainfed,Rabi,0.97,Soybean,32.6,4007
5.55,190,22,183,0.32,880,25.8,76,Canal,Kharif,1.06,Vegetables,16.8,1355
7.91,65,18,87,1.4,1491,26.1,44.3,Canal,Rabi,0.95,Mustard,21.5,3861
7.33,157,45,111,1.15,1213,24.6,63.2,Pond,Kharif,3.24,Urad,33.9,1664
7.82,175,67,135,0.67,1393,34.4,48.7,Pond,Rabi,1.38,Wheat,27.8,5515
7.68,104,63,239,0.46,722,29.9,56.9,Rainfed,Kharif,1.63,Pigeonpea,28.2,2973
6.79,83,21,127,0.91,1321,19.4,40.9,Rainfed,Kharif,1.28,Groundnut,14.8,1316
7.77,62,23,95,0.31,1303,32.7,60,Canal,Kharif,4.81,Chickpea,19.2,3303
5.27,190,43,190,1.43,1005,26.2,67.5,Pond,Rabi,4.35,Urad,10.2,2574
5.59,67,62,52,0.8,828,19.2,71,Rainfed,Kharif,1.54,Mustard,24.4,4403
5.14,145,29,55,0.78,547,27.3,73.2,Canal,Zaid,1.97,Millets,10.8,5603
5.98,172,25,142,0.77,1541,25.1,81.8,Pond,Zaid,1.44,Groundnut,30.6,4746
6.17,88,79,57,0.38,1249,32.9,50.8,Canal,Kharif,2.71,Urad,30,5177
5.81,95,65,221,1.07,766,21.5,46,TubeWell,Rabi,0.59,Soybean,22.4,5517
7.49,78,67,157,1.18,1249,32,82.6,Pond,Kharif,3.52,Mustard,11.8,2396
6.07,111,13,210,1.11,1489,27.5,47.8,Rainfed,Kharif,2.85,Maize,8.7,4611
5.84,65,13,124,0.47,1212,18.9,88.7,Rainfed,Rabi,4.54,Chickpea,29.5,1996
6.63,170,29,126,0.99,574,34.5,82.1,TubeWell,Rabi,1.24,Maize,24.2,5092
5.42,59,19,99,0.98,987,26.7,65,Pond,Rabi,4.12,Wheat,27.2,1350
7.41,152,33,60,1.34,894,22.9,89.1,Canal,Kharif,4.06,Millets,16.2,4449
5.22,133,35,144,0.75,1372,26,44.9,Rainfed,Kharif,1.07,Wheat,21.8,1311
7.96,182,46,205,0.75,1537,32.6,55.2,TubeWell,Kharif,2.29,Chickpea,28.2,1882
7.32,114,63,119,1.04,1534,23.2,71.9,TubeWell,Rabi,1.27,Groundnut,20.5,2361
5.6,52,30,218,1.06,1570,21.3,57.5,Pond,Rabi,1.65,Wheat,24.2,3579
5.02,191,47,65,0.86,434,20.2,86.4,Pond,Rabi,1.68,Millets,29.3,1360
7.45,169,55,117,0.83,1398,23.1,43.3,Rainfed,Kharif,3,Paddy,13.8,2625
7.12,117,13,148,0.89,937,31.3,67.5,TubeWell,Kharif,2.35,Paddy,9.8,4861
7.19,195,69,97,1.33,1149,26,69.5,Canal,Kharif,4.76,Urad,22.4,1477
7.31,86,66,233,0.85,1437,21.9,72.6,TubeWell,Kharif,1.07,Urad,9.7,4591
5.22,122,54,113,1.43,773,20.8,52.8,Canal,Kharif,4.88,Mustard,28.7,2756
6.08,192,29,236,0.9,956,23.7,58.2,Canal,Rabi,1.54,Urad,27.4,5792
5.35,98,26,139,1.44,632,34,82.2,Rainfed,Zaid,3.98,Vegetables,31.8,3115
7.59,170,13,239,1.3,1104,23.8,49.7,TubeWell,Rabi,2.03,Soybean,25.3,5950
6.87,137,23,125,0.73,962,34.8,81.3,Canal,Kharif,1.14,Urad,9.8,4307
5.99,189,12,188,1.34,1338,26.2,68.1,Pond,Kharif,4.36,Soybean,14.8,1502
5.19,86,67,150,0.43,1286,21,78.1,Canal,Zaid,1.89,Urad,29.8,5733
5.93,110,64,138,1.41,1125,33.1,75.7,Pond,Kharif,3.46,Maize,12.5,3973
5.98,173,13,67,1.06,475,25.8,50.4,Pond,Zaid,3.05,Vegetables,26.9,5481
7.19,88,33,68,0.37,838,30.1,68.4,TubeWell,Kharif,2.62,Vegetables,29.1,4445
6.91,112,43,104,1.07,1098,34.7,83.4,Pond,Kharif,2.73,Pigeonpea,16.9,5968
7.66,95,39,151,1.47,1314,18.9,61.6,Canal,Zaid,3.8,Soybean,16.7,2200
6.42,137,28,167,0.38,1290,19.6,88.3,Pond,Kharif,0.89,Groundnut,23.1,5034
5.36,60,40,203,0.97,1091,30.2,62.6,TubeWell,Rabi,3.51,Mustard,31.3,5206
7.14,111,69,183,1.2,652,22.8,47.1,Rainfed,Rabi,4.53,Chickpea,14,5978
7.28,126,69,53,1.27,1549,21.1,59.5,Canal,Kharif,0.76,Soybean,33.4,2918
6.68,101,28,157,0.8,1460,18.7,87.6,Canal,Kharif,1.13,Wheat,24.2,5030
7.31,53,58,164,0.54,809,18.4,56,TubeWell,Rabi,3.72,Pigeonpea,34.8,4381
6.48,108,72,78,0.35,526,31.2,83.4,TubeWell,Rabi,2.47,Maize,10.4,4082
6.57,121,31,108,1,1591,20.3,84.1,TubeWell,Kharif,2.32,Paddy,11.4,2198
6.28,197,33,174,0.84,991,26,57.5,TubeWell,Zaid,1.12,Vegetables,30.3,1484
5.08,142,39,147,1.44,693,28.3,44.2,Canal,Kharif,2.78,Maize,31.3,1620
5.32,112,67,66,0.37,1419,25.3,76.2,Rainfed,Kharif,1.07,Urad,20,3360
5.09,103,40,156,1.12,709,18.5,55.6,Pond,Kharif,2.64,Mustard,27.3,4265
6.91,166,73,92,0.33,1061,31.3,79.1,Pond,Kharif,3.94,Vegetables,31.4,3475
5.94,159,28,129,0.51,927,18.2,62.1,Rainfed,Kharif,1.66,Pigeonpea,9.2,2694
6.53,123,57,243,0.84,939,31,64.3,Rainfed,Zaid,2.66,Wheat,23.5,5084
7.72,156,54,211,0.85,818,33.2,78.9,Rainfed,Kharif,4.96,Soybean,31,5823
5.75,106,64,57,1.12,843,25.4,59.1,TubeWell,Kharif,3.59,Maize,18.8,3743
6.23,52,64,190,1.39,1084,27.1,62.2,Canal,Kharif,4.29,Pigeonpea,16.2,5326
7.27,169,27,155,1.07,1239,26.1,58.8,Canal,Rabi,2.37,Soybean,29.5,5457
5.69,55,72,57,1.44,635,24.6,58.4,Canal,Zaid,3.96,Mustard,17.1,3041
5.23,54,56,145,1.36,613,33.1,66.3,TubeWell,Kharif,0.68,Vegetables,8.1,1921
5.87,54,66,143,1,484,33.2,80.4,Canal,Kharif,1.05,Chickpea,33.9,2601
5.48,103,54,114,1.3,1193,23.7,58.1,TubeWell,Kharif,1.41,Paddy,24,1645
7.79,96,42,220,1.07,484,28.5,66.2,Canal,Kharif,2.31,Mustard,30.1,3991
7.42,58,26,88,0.39,464,33.8,73.5,Rainfed,Kharif,4.31,Urad,30.3,5722
6.9,148,79,130,1.19,1062,34.4,53.5,Pond,Kharif,2.06,Millets,9.8,4967
7.61,69,13,236,0.41,1026,26.7,53.9,Pond,Kharif,3.45,Chickpea,12.6,3751
7.41,171,29,133,1.01,463,25.7,86.7,TubeWell,Rabi,3.69,Urad,16.4,3167
5.56,110,56,137,1.14,1338,22.7,76.2,Canal,Kharif,3.14,Maize,16.7,5088
7.68,172,24,135,0.38,1318,34.3,68.9,Pond,Zaid,2.11,Chickpea,25.8,3931
6.62,131,79,142,0.58,1581,20.4,72.4,Rainfed,Zaid,3.1,Urad,24.8,3829
7.42,111,56,135,1.4,890,27.9,41.5,Rainfed,Rabi,2.04,Chickpea,21.4,3164
7.69,194,18,93,1.04,712,22.8,70.9,Rainfed,Kharif,0.88,Mustard,13.7,2257
5.95,52,25,186,0.6,1014,22.7,65.5,TubeWell,Kharif,4.97,Vegetables,18.3,1957
5.33,62,78,214,1.13,1318,24.9,67.3,TubeWell,Kharif,1.07,Pigeonpea,22.7,2995
5.68,169,70,123,1.02,1212,35,58,Canal,Rabi,0.83,Paddy,20.6,2843
6.28,174,19,85,0.9,1339,18.9,44.1,Rainfed,Kharif,4.45,Paddy,11.4,1223
7.45,138,59,150,1.47,1511,27.8,49.7,Canal,Zaid,1.86,Urad,25.5,2439
7.58,122,12,205,1.12,1079,19.4,87.5,Canal,Zaid,3.43,Urad,10,5350
5.02,117,79,219,0.75,834,20.6,60.4,Rainfed,Kharif,1.98,Chickpea,18.2,4297
6.53,191,60,220,1.26,1081,25.5,63.3,Canal,Rabi,2.26,Maize,27.2,2504
6.25,150,28,219,1.36,1558,26.7,42.6,Pond,Kharif,1.68,Urad,8.5,3742
5.67,147,51,153,0.45,1473,22.4,41.9,TubeWell,Kharif,2.04,Chickpea,23.4,4912
5.36,60,44,115,0.54,739,23.4,75.9,Canal,Kharif,2.35,Groundnut,17,5155
6.01,154,55,104,0.56,746,19.5,66.9,Rainfed,Kharif,3.74,Paddy,8.2,5729
7.83,116,35,249,1.13,1045,23.2,65.4,TubeWell,Zaid,2.8,Urad,13.1,5503
5.97,172,78,225,1.02,1048,34.4,52.2,TubeWell,Kharif,4.75,Mustard,33.4,5428
6.56,78,73,140,1.04,644,34.1,77.2,Canal,Kharif,0.69,Wheat,22.1,2505
7.11,186,46,71,1.43,508,23.7,48.4,Pond,Rabi,2.76,Chickpea,34.9,5664
6.09,125,58,150,1.23,932,27.7,49.5,Canal,Rabi,3.13,Paddy,22.2,4374
7.92,58,30,204,0.45,1513,33.5,63,Pond,Kharif,4.64,Urad,22.7,4828
7.89,89,73,170,0.72,695,18.1,54.3,TubeWell,Zaid,0.72,Pigeonpea,18.6,1981
5.76,74,14,142,0.82,511,31.8,52.4,Canal,Rabi,3.08,Chickpea,16.4,1766
6.49,54,79,244,0.78,742,34.1,72.3,Rainfed,Kharif,4.34,Maize,14.8,5822
5.9,188,13,157,1.1,500,19.6,72.5,Canal,Kharif,1.59,Urad,17.3,5332
5.85,173,48,190,1.37,1028,20.7,81.2,Pond,Kharif,4.44,Chickpea,20.4,5473
5.11,87,44,222,0.67,427,34.3,60.9,Pond,Rabi,0.59,Urad,13.2,1838
6.83,121,10,59,0.96,1336,27.1,43.7,Canal,Rabi,3.8,Millets,14.1,4900
6.51,182,33,58,1.25,457,18.2,53.7,Pond,Rabi,4.7,Wheat,15.3,5367
5.15,139,66,231,0.8,696,22.4,89,TubeWell,Kharif,3.46,Soybean,20.1,3599
5.84,195,79,204,0.5,533,25.6,69.8,Canal,Kharif,2.48,Soybean,25.6,3870
7.72,86,50,83,0.87,648,29.8,75.5,Pond,Kharif,0.7,Millets,31.1,2372
5.72,109,63,178,0.37,1420,30.5,40.4,Canal,Kharif,4.64,Chickpea,15.8,2920
5.43,77,55,209,1.43,949,34.9,65.9,Canal,Rabi,2.62,Maize,13,1304
6.47,130,69,138,0.39,1301,22.9,41.9,Rainfed,Rabi,0.63,Vegetables,18.2,2882
7.96,163,69,142,0.83,1498,27.1,68.5,Canal,Kharif,3.6,Urad,32.1,5516
5.73,89,66,120,0.94,1233,27.1,86,Rainfed,Kharif,2.67,Chickpea,8.3,3049
7.02,94,40,116,1.48,1591,24.9,88.4,Pond,Kharif,1.06,Pigeonpea,26.3,2062
7.28,111,33,197,0.5,1170,20.9,67,Rainfed,Kharif,1.46,Maize,20.9,4645
5.71,142,45,166,0.44,545,34.6,62.9,Rainfed,Kharif,0.79,Pigeonpea,12.3,3765
7.18,164,39,143,0.31,1292,32.5,87.3,Rainfed,Kharif,3.08,Vegetables,16.7,1498
6.1,116,33,212,0.49,743,26.5,73.7,TubeWell,Kharif,3.3,Millets,14.1,4108
6.9,105,39,148,0.55,1458,28.3,43.2,Rainfed,Kharif,2.78,Mustard,31.7,5337
6.9,89,16,162,1.06,1101,21.9,63.3,Canal,Kharif,4.18,Soybean,21,1970
6.61,147,44,152,0.56,400,27.2,52,Rainfed,Kharif,4.37,Soybean,23.2,3739
5.27,89,64,140,0.32,552,29.8,63.5,Canal,Rabi,3.27,Urad,24,2662
7.51,140,23,139,1.29,828,26.8,62.8,Rainfed,Kharif,0.56,Wheat,25.3,5054
5.96,82,19,66,0.74,907,34.8,69.1,TubeWell,Zaid,3.63,Millets,21.4,4318
5.56,55,25,67,0.72,1549,28.4,57.8,Pond,Kharif,2.38,Chickpea,8.5,3332
5.12,196,63,222,0.66,890,24.3,48.2,Rainfed,Kharif,3.05,Millets,17,2909
6.77,129,79,165,1.47,744,31.1,65.2,Rainfed,Kharif,3.42,Chickpea,13,2190
7.03,141,53,142,0.5,620,20.9,81.5,TubeWell,Kharif,2.08,Millets,26.4,1910
5.05,146,54,230,1.38,1122,24.5,73.2,Rainfed,Rabi,4.63,Mustard,9.5,5504
6.54,108,65,140,1.23,1448,23.9,56.9,Canal,Kharif,1.1,Groundnut,23.2,1238
5.68,108,66,131,0.39,927,25.3,86.8,Rainfed,Zaid,3.52,Wheat,13.7,2475
6.94,97,30,117,1.48,1240,31.3,85.6,Rainfed,Zaid,0.52,Chickpea,33.6,2636
5.52,62,77,242,0.63,1465,26.2,50.5,Pond,Rabi,4.66,Wheat,17.1,4193
7.07,156,59,163,0.42,880,31.5,42,Pond,Rabi,1.01,Maize,16.8,2669
6.16,94,42,50,1.3,1329,27.8,77.1,Rainfed,Rabi,0.93,Millets,32.9,3299
7.81,138,16,107,1.15,1271,23.8,81.4,TubeWell,Kharif,2,Urad,19.3,1573
5.41,149,79,203,1.04,744,31.8,88.4,Pond,Rabi,2.18,Paddy,34,5451
6.02,56,24,158,0.49,444,22.1,84.5,Rainfed,Kharif,1.46,Maize,8.7,5225
5.34,182,41,197,0.87,420,21.8,70,Pond,Kharif,3.13,Pigeonpea,16.3,2313
7.77,94,29,165,1.24,1493,26.6,66.5,Rainfed,Kharif,2.49,Soybean,26,3926
7.63,107,24,136,0.66,1272,22.4,41.4,Pond,Rabi,0.65,Paddy,32.1,3598
5.77,80,57,59,0.67,447,18.2,52.3,Pond,Zaid,1.94,Mustard,14.9,4434
6.98,72,30,108,0.3,950,29,63,Canal,Kharif,4.15,Millets,33.1,2465
7.45,187,51,90,0.51,686,26.7,71.4,Rainfed,Rabi,3.6,Groundnut,24,4323
6.67,156,35,154,1.35,1401,25.6,67.9,Rainfed,Kharif,3.76,Mustard,29.6,1853
6.59,88,23,182,0.83,1433,34.4,77.1,Rainfed,Kharif,3.64,Chickpea,18.7,5358
5.73,131,66,171,1.48,941,27.7,54,Rainfed,Kharif,1.9,Paddy,13.7,1708
5.28,149,46,242,0.77,1155,32.7,68.2,Pond,Kharif,0.95,Soybean,32.6,3539
7.69,51,67,194,1.16,673,20.4,44.4,Canal,Kharif,1.73,Urad,33.2,4362
7.7,126,30,71,0.64,1355,27.7,60.7,Canal,Rabi,4.24,Groundnut,21.4,2887
6.9,61,78,147,0.74,999,32.8,77.5,TubeWell,Rabi,4.91,Wheat,8.2,2588
6.02,88,12,218,0.53,780,27.9,74.7,Rainfed,Kharif,2.72,Millets,11,3397
6.05,62,46,117,0.72,878,30.2,89.5,TubeWell,Kharif,0.54,Chickpea,23.5,5111
7.18,95,58,246,0.96,414,24.3,53.9,Pond,Rabi,1.13,Millets,8.6,4128
7.69,162,28,188,1.49,915,19.6,64.9,TubeWell,Rabi,1.95,Mustard,18.7,5999
7.66,66,21,105,1.1,590,25.8,56.5,Rainfed,Kharif,3.1,Paddy,16.2,1715
7.34,153,70,228,0.54,1591,24.7,62,Canal,Kharif,0.84,Mustard,27.3,4858
6.93,147,50,198,0.35,1020,32.7,82.8,Canal,Zaid,4.75,Paddy,9.5,3033
5.25,137,42,148,0.45,1560,22.1,74.2,Rainfed,Rabi,2.14,Urad,21.2,1229
5.48,158,59,125,0.98,553,34.4,84.1,Pond,Kharif,4.61,Soybean,23.6,4414
7.7,119,77,75,1.22,671,34.3,50.2,Rainfed,Kharif,4.01,Wheat,24.7,1525
6.82,123,42,164,1.43,542,22.2,83.7,Pond,Rabi,3.9,Urad,18.9,4966
5.03,112,33,196,0.32,1492,23.9,43,Canal,Kharif,3.23,Maize,16.2,5311
5.3,109,70,158,0.93,646,33.2,84.4,Pond,Zaid,3.32,Soybean,26.4,1310
6.99,128,70,237,0.87,1187,34.4,56.5,Rainfed,Kharif,3.37,Urad,30.9,1306
5.02,86,37,248,1.09,478,25.5,55.7,Rainfed,Rabi,3.33,Groundnut,26.7,3626
5.48,71,67,96,0.97,1022,23.5,65.6,Rainfed,Kharif,2.99,Millets,33.2,5578
6.65,197,52,120,1.12,924,26.9,87,Pond,Kharif,4.94,Mustard,27.4,5564
7.08,145,50,203,1.09,1171,29.7,42.4,Pond,Zaid,3.8,Soybean,28.6,3731
6.96,117,48,89,0.44,1337,22.6,57.6,Pond,Kharif,4,Groundnut,12.5,4344
5.67,66,58,182,1.26,1518,30.5,82.8,Canal,Rabi,4.43,Mustard,19.3,5893
7.14,61,26,198,0.45,1016,18.9,59.8,TubeWell,Kharif,1.47,Maize,21.1,1998
5.71,199,79,181,1.14,1431,18.8,50,TubeWell,Kharif,0.88,Pigeonpea,14.9,3637
5.98,194,79,72,0.8,466,24.6,61.2,Rainfed,Kharif,2.67,Soybean,22.3,3211
7.24,187,74,155,0.92,590,24,59.3,Canal,Rabi,2.81,Groundnut,15.9,1625
6.95,167,14,133,1.38,1167,23.4,85.8,Pond,Kharif,4.23,Mustard,26.6,4244
7.55,71,11,192,1.37,920,26.3,78.1,Rainfed,Kharif,2.5,Mustard,20.7,4488
6.97,169,31,165,1.28,1389,23.5,65.3,Canal,Kharif,3.07,Urad,20.4,4114
6.7,99,66,158,0.91,1540,21.3,89.4,Rainfed,Rabi,2.87,Paddy,34.6,2439
5.28,63,75,185,1.18,666,23.3,63.3,Canal,Rabi,0.67,Urad,18.6,4591
6.1,78,25,90,0.92,884,34.6,42.9,Canal,Kharif,3.27,Groundnut,17.8,5413
5.8,174,60,161,1.34,1587,25,53.1,TubeWell,Kharif,4.23,Chickpea,16.6,5197
5.73,56,48,196,0.78,775,25.6,61.8,Rainfed,Zaid,1.21,Millets,32.2,4206
7.92,78,49,161,1.46,1052,27.8,47.8,Pond,Kharif,3.17,Soybean,21.4,4239
6.18,188,47,152,1.42,948,34.7,87.4,TubeWell,Zaid,3.17,Urad,24.2,1798
7.68,82,69,95,1.19,1497,22.1,78.3,TubeWell,Zaid,1.24,Mustard,12.9,3287
6.89,183,68,205,0.64,472,29.6,53.4,Pond,Rabi,1.06,Mustard,22.6,2384
7.38,160,19,117,0.46,707,30.2,69.5,Canal,Kharif,4.91,Pigeonpea,15.4,3950
6.51,128,73,171,1.33,598,28.3,76.1,Pond,Rabi,2.27,Soybean,27.7,3784
6.73,107,72,64,0.5,1553,19.5,87.1,Rainfed,Rabi,1.52,Pigeonpea,30.5,5959
6.48,75,58,214,1.33,971,29.5,84.1,Pond,Rabi,1.27,Vegetables,27.3,4713
5.59,78,73,178,0.89,1190,19.1,65.8,Canal,Kharif,3.5,Millets,27.7,5945
7.17,53,41,244,0.79,1574,28.1,78.7,Pond,Kharif,3.24,Maize,21.8,5254
5.84,148,16,160,1.38,578,30.6,68.1,Canal,Kharif,3.4,Urad,27.2,5583
5.07,190,30,73,1.02,596,21.6,67.6,Canal,Rabi,0.9,Wheat,19.4,5136
6.94,88,29,76,0.99,1134,32.3,45.7,Rainfed,Rabi,4.52,Groundnut,25.6,2899
5.53,64,35,89,0.97,488,18.5,46.3,Pond,Kharif,2.25,Groundnut,15,5707
7.82,168,77,240,0.75,1198,32.3,66.5,Pond,Kharif,1.91,Maize,9.9,3775
7.86,78,24,238,1.24,1187,25.8,53.4,Rainfed,Kharif,2.58,Soybean,19.2,1335
7.74,124,23,213,0.6,1147,21.7,41.1,Canal,Rabi,2.26,Urad,20.5,3225
6.11,165,36,73,1.43,608,20.3,76.1,Pond,Zaid,4.39,Millets,14.9,4735
5.05,81,49,73,1.37,892,34.2,41.6,Rainfed,Kharif,4.68,Vegetables,27.6,4090
7.78,179,67,53,0.7,1553,19.2,69.8,Canal,Kharif,1.87,Paddy,10,3957
6.28,133,37,116,1.18,1064,21.4,67,Rainfed,Kharif,4.39,Pigeonpea,14,4973
7.9,71,35,83,0.99,1436,23.9,88.4,Pond,Rabi,4.02,Maize,28.2,1580
7.89,76,72,234,0.71,1270,28.5,64.2,Rainfed,Rabi,4.69,Paddy,19.8,2728
7.56,130,75,226,1.49,1131,27.3,43.2,TubeWell,Zaid,1.61,Pigeonpea,27,5771
5.88,175,34,230,0.33,1529,20.1,67.6,Canal,Kharif,3.1,Maize,23.3,4828
6.16,141,12,165,0.6,1097,22.9,82.1,TubeWell,Zaid,1.74,Groundnut,33.7,2048
7.55,70,53,72,0.92,1522,22.1,89.8,TubeWell,Kharif,4.21,Groundnut,24.1,5327
5.95,96,51,158,0.93,993,21.6,61.5,Canal,Rabi,0.52,Mustard,8.4,3127
5.51,150,15,118,1.01,1285,25,56,Canal,Kharif,3.04,Pigeonpea,17.5,3365
6.67,133,48,144,1.2,1251,30,85.3,Rainfed,Zaid,2.03,Wheat,11.9,5486
7.81,55,61,230,1.05,724,21.7,49.6,Canal,Rabi,1.95,Millets,33,3321
7.09,196,32,111,1.02,1378,24.2,70.8,TubeWell,Rabi,3.4,Chickpea,10.8,5918
6.71,180,59,218,0.36,1355,24.6,60.3,TubeWell,Rabi,4.33,Soybean,18.5,4118
5.29,50,52,106,0.75,1293,34.6,42.1,Pond,Kharif,3.24,Soybean,14.1,5881
6.85,107,28,237,0.58,543,34.2,57.4,Canal,Kharif,4.34,Pigeonpea,30.9,1672
7.97,173,78,103,0.62,783,31.6,53.3,TubeWell,Zaid,1.69,Maize,16.3,2987
5.42,64,60,119,0.97,615,22.1,74.3,Pond,Kharif,2.84,Vegetables,34.8,1313
6.55,113,20,150,0.54,723,19.2,87.4,Pond,Kharif,2.53,Maize,9,2536
7.63,74,21,106,0.65,1438,23.4,53.4,Rainfed,Kharif,0.55,Chickpea,11.5,1538
7.22,73,17,187,0.58,616,22.5,80.6,TubeWell,Rabi,3.01,Millets,14.1,3485
7.09,61,33,217,1.44,1350,26.6,42.8,Rainfed,Kharif,3.48,Urad,29.9,2396
7.11,67,50,184,1.43,582,31.2,66.9,TubeWell,Kharif,3.16,Millets,31.7,1278
6.08,64,45,152,1.03,669,32.6,43.5,Rainfed,Kharif,3.81,Urad,9.9,5759
5.88,76,64,215,1.41,1344,32.4,86.7,Rainfed,Kharif,3.07,Chickpea,8.9,3852
7.43,121,18,134,1.24,1269,24.1,78.3,Canal,Zaid,0.8,Urad,28.1,5857
7.43,109,56,110,1.01,866,29.7,72.9,Rainfed,Zaid,1.02,Wheat,11.6,5580
7.6,194,24,52,0.31,704,23.3,81.2,Canal,Rabi,3.18,Mustard,11.6,5518
7.74,142,57,177,1.23,1567,19,72.4,Pond,Kharif,1.74,Millets,8.6,3840
6.53,102,51,228,1.14,510,29.9,88.4,TubeWell,Zaid,0.86,Urad,9.3,2456
6.5,57,69,135,1.04,1413,18.2,75.7,Pond,Rabi,2.43,Groundnut,15.1,2027
7.39,128,79,96,1.21,631,25,86.2,TubeWell,Kharif,2.99,Wheat,9.8,3918
6.95,76,21,245,0.92,994,23.6,65.9,Pond,Zaid,1.98,Millets,18,4010
7.11,99,11,125,1.14,572,29.8,45.9,TubeWell,Rabi,3.74,Urad,30.5,4585
7.39,180,16,87,1.42,1372,31,66.4,Rainfed,Rabi,3.4,Groundnut,16.8,3165
7.67,142,12,213,0.75,1430,23.2,46.3,TubeWell,Rabi,2,Chickpea,27.7,3627
6.01,73,12,218,1.15,1578,31.8,69.6,TubeWell,Kharif,3.9,Chickpea,10.5,4041
6.13,109,36,246,0.87,945,23,64.1,Pond,Kharif,3.42,Pigeonpea,25.8,1813
5.28,171,49,190,1.11,947,25.6,71.1,Pond,Rabi,3.37,Soybean,16.6,1762
6.73,180,42,136,1.22,917,30.4,40.5,Pond,Kharif,2.99,Paddy,28.2,5552
5.11,197,10,107,0.35,1313,29.8,49.7,Canal,Kharif,0.55,Groundnut,11.7,1384
6.4,95,17,99,1.08,614,34.8,64.6,Canal,Rabi,3.63,Pigeonpea,32.2,3392
6.63,64,41,79,0.57,533,21.8,87.5,TubeWell,Rabi,2.19,Wheat,14.5,5265
5.86,66,57,239,1.1,684,29.3,59.2,TubeWell,Kharif,4.74,Urad,17.5,1445
6.77,175,13,150,0.86,1549,28.4,61.2,Rainfed,Rabi,4.18,Millets,33.7,5286
5.09,133,79,74,1.23,1085,33.6,75.7,Rainfed,Rabi,3.14,Maize,23.6,3434
5.11,58,28,161,0.45,1575,20.7,70.2,TubeWell,Rabi,1.63,Groundnut,17.9,2065
7.47,112,41,204,1.05,730,30.8,54.9,Canal,Kharif,1.42,Paddy,33.6,3287
6.08,166,18,228,0.63,1538,27.7,60.5,TubeWell,Kharif,2.03,Vegetables,16.9,1800
5.38,179,21,234,1.32,1293,22.7,50.9,Rainfed,Kharif,2.64,Maize,10.6,4233
6.57,137,20,175,1.41,1298,26.1,88.3,Canal,Kharif,1.83,Mustard,34.9,3256
7.31,121,55,172,1.5,1498,23.7,46.5,Canal,Kharif,2.82,Paddy,15.2,3331
5.65,188,25,96,1.26,1589,27.8,58.6,Rainfed,Kharif,1.24,Pigeonpea,31,1732
6.87,113,10,167,1.2,477,33.1,41.3,TubeWell,Kharif,4.9,Paddy,12.5,3242
5.26,121,72,88,0.56,1346,27.7,51.1,Pond,Zaid,0.99,Urad,27.7,1557
5.16,70,30,65,0.7,1087,28.7,79,TubeWell,Kharif,4.69,Millets,22.2,1577
6.59,67,39,71,0.86,420,26.8,50.1,TubeWell,Rabi,4.61,Vegetables,34.5,3419
6.62,113,22,103,1.23,965,18.9,44,Rainfed,Rabi,2.86,Wheat,22.9,5688
6.91,131,43,198,1.4,1226,22,63.7,Canal,Kharif,3.76,Maize,8.7,5997
7.18,159,13,249,0.53,578,26.4,40.5,Rainfed,Zaid,2.46,Paddy,24.3,4507
7.93,144,37,65,1.41,1535,23.3,44.2,TubeWell,Rabi,3.34,Urad,11.9,3796
6.55,81,68,108,1.13,1482,21.1,80.4,Pond,Kharif,2.03,Chickpea,29.6,1983
5.97,60,36,80,1.03,1304,26.6,78.6,Pond,Rabi,1.86,Paddy,31.1,3579
7.39,94,78,219,0.54,1068,23.5,85.8,Pond,Kharif,3.1,Paddy,21,4803
5.81,82,34,81,0.37,590,22.4,82.7,Rainfed,Rabi,2.74,Soybean,29.1,2182
6.32,151,12,236,0.98,1107,25.9,74.2,Canal,Kharif,3.11,Maize,11.9,5142
5.24,185,77,211,1.08,1458,20.3,42.6,Rainfed,Rabi,1.79,Soybean,21.3,3790
5.08,60,34,58,0.55,778,33.8,79.1,Pond,Kharif,2.15,Soybean,18.6,2242
7.89,137,29,188,0.97,786,32.8,82.3,TubeWell,Rabi,0.88,Millets,24.5,3738
7.51,90,43,59,1.33,636,30,80,Canal,Kharif,0.74,Urad,9.2,2061
7.09,194,35,66,1.3,1015,19.8,65.4,Rainfed,Rabi,1.64,Soybean,28.3,3076
6.23,125,14,117,1.41,682,31.2,51.6,Rainfed,Rabi,0.83,Paddy,10.1,3035
5.52,170,70,97,0.74,400,31.7,82.3,Canal,Kharif,0.97,Pigeonpea,25.7,5408
5.47,95,18,229,0.68,863,31.1,76.4,Canal,Rabi,4.16,Pigeonpea,8.5,4726
5.75,129,59,160,1.2,1366,19.9,89,TubeWell,Kharif,0.67,Chickpea,30.5,2885
6.65,103,15,202,0.82,571,28.9,47.8,Canal,Zaid,3.47,Pigeonpea,12.7,4601
7.14,135,69,172,0.41,1510,32.2,51.3,TubeWell,Kharif,1.73,Chickpea,21.9,2822
6.98,141,53,198,0.64,1546,27.8,50.6,Pond,Rabi,4.42,Pigeonpea,15.1,3857
5.84,197,20,150,0.8,1242,29,79.6,Pond,Rabi,2.68,Mustard,27.5,3132
7.86,146,75,151,0.65,1089,25.8,49.3,Rainfed,Kharif,1.88,Chickpea,16.7,1707
7.21,51,56,114,0.7,974,27,43.3,Pond,Kharif,2.83,Groundnut,27.6,5761
6.66,82,12,240,0.65,564,18.6,89.9,Pond,Kharif,2.22,Maize,15.7,4678
6.84,126,39,100,0.35,782,28.9,41.2,TubeWell,Rabi,3.04,Maize,28.3,3856
6.26,165,30,85,1.06,608,19.4,81.8,Rainfed,Kharif,1.02,Maize,8.8,2321
5.74,199,37,130,1.02,623,25.4,58.3,Canal,Rabi,4.99,Urad,15.6,1489
6.07,152,71,176,1.08,402,23,82.1,Rainfed,Rabi,2.42,Millets,21.5,4029
7.27,152,42,137,0.53,771,27.3,67.7,Pond,Kharif,2.07,Wheat,9.2,3409
5.04,139,44,243,0.65,1010,20.3,85.1,Canal,Rabi,3.7,Millets,13,2600
5.35,171,61,153,1.04,515,29.8,86.3,Rainfed,Kharif,2.14,Chickpea,33.2,1766
5.14,192,43,64,1.02,846,31.5,40.5,Rainfed,Kharif,4.25,Millets,34.4,2673
5.12,155,50,145,0.91,814,20.8,43.8,Rainfed,Rabi,2.54,Pigeonpea,28,3187
7.57,168,60,216,0.72,1518,19.8,52.5,Rainfed,Kharif,3.74,Chickpea,14.8,4987
7.11,98,56,172,1.4,1291,20.5,73.5,TubeWell,Kharif,0.98,Vegetables,15,5065
6.42,153,67,247,0.71,1447,32.9,84.4,Rainfed,Zaid,4.31,Millets,25.4,4460
5.29,110,66,50,0.85,1062,27,63,Pond,Kharif,3.81,Millets,11.2,4747
6.47,172,32,200,1.11,1473,25.9,70.3,Pond,Zaid,1.45,Soybean,33.6,4451
6.42,183,57,171,0.95,1117,19.8,49.4,TubeWell,Zaid,1.15,Mustard,14.1,2916
5.52,58,31,216,0.72,1502,29,80.2,Canal,Kharif,1.92,Urad,35,2212
6.3,55,26,175,0.82,1450,32.8,88.4,Canal,Kharif,4.89,Chickpea,21.4,2510
6.2,122,78,106,1.25,670,32.1,53.4,Pond,Rabi,1.66,Wheat,28.8,5770
6.85,152,20,130,0.63,961,28.6,64.7,Pond,Kharif,2.55,Maize,8.1,1817
6.91,90,24,211,0.47,1203,19.3,44.3,TubeWell,Kharif,0.64,Paddy,32,5936
5.14,163,44,218,0.68,646,19.9,68,Canal,Rabi,2.29,Vegetables,15.3,5457
6.12,57,42,122,1.32,786,18.8,65.1,Canal,Kharif,3.07,Groundnut,26,3182
6.88,121,25,190,0.41,1101,22.4,47.2,Rainfed,Zaid,4.79,Millets,29.8,3428
6.51,141,43,119,1.49,958,20.3,62.1,Rainfed,Kharif,2.83,Maize,12.4,1668
7.57,111,75,55,0.95,1372,22.4,56.7,Rainfed,Kharif,4.19,Pigeonpea,19.9,5316
6.98,133,49,133,1.48,1383,24.5,66.1,TubeWell,Kharif,2.96,Groundnut,21.3,5555
5.49,111,37,101,1.43,751,34,69.3,Pond,Zaid,0.68,Mustard,16.4,2339
5.21,160,56,52,0.84,1152,28.4,40.4,TubeWell,Rabi,1.92,Maize,21,2636
6.93,176,48,130,0.54,1180,32.2,78.1,Canal,Rabi,3.09,Soybean,16.6,1736
5.08,56,79,112,0.5,1424,30.1,75.7,Pond,Kharif,4.78,Maize,17.7,2151
6.76,133,29,98,0.59,945,19.9,58.3,Rainfed,Kharif,4.37,Mustard,26.1,4013
7.82,181,10,125,1.15,478,30.5,42.6,TubeWell,Kharif,1.53,Maize,25.1,4206
6.73,183,72,161,0.63,733,22.7,77.7,TubeWell,Kharif,1.49,Vegetables,14.3,5194
6.16,107,76,224,0.71,1288,28.9,87.8,Rainfed,Rabi,1.41,Millets,32.2,3040
6.93,71,13,158,0.84,1521,23.8,52,TubeWell,Rabi,4.65,Vegetables,31.3,2050
6.37,176,67,232,1.4,1505,35,56.2,Rainfed,Kharif,4.34,Vegetables,21.7,3171
6.64,52,34,241,0.53,901,22.5,49.2,Canal,Zaid,3.99,Maize,19.7,2391
7.82,176,56,114,0.31,1164,22.7,68.8,Pond,Kharif,2.27,Soybean,18.2,5120
6.16,90,47,130,0.37,1320,33.8,47.7,Canal,Zaid,2.77,Urad,27.1,5828
7.88,155,24,244,1.39,949,18.4,57.8,Canal,Kharif,2.59,Mustard,26.1,3262
7.72,63,72,64,1.08,413,29.8,74.9,Rainfed,Kharif,1.64,Soybean,13.3,4246
5.59,61,30,149,0.63,791,30.3,68,TubeWell,Kharif,2.77,Chickpea,26.1,5599
5.21,136,66,81,0.51,709,32.2,59.3,Canal,Kharif,0.64,Maize,14.8,4758
5.3,61,62,145,0.65,785,34.6,61,Canal,Rabi,1.09,Wheat,8.5,5711
5.05,190,55,177,0.44,1373,34.6,68.1,Canal,Kharif,4.49,Maize,26.9,1504
5.28,74,23,245,1.43,1517,19.1,40.3,TubeWell,Kharif,3.88,Mustard,25.4,4047
7.05,94,26,195,1.24,1516,32,43.9,TubeWell,Rabi,2.4,Groundnut,19.1,3635
5.21,171,48,162,0.85,739,29,84.1,Rainfed,Rabi,2.83,Soybean,22.2,4004
5.96,196,18,132,1.34,996,29,43.9,Canal,Rabi,2.16,Wheat,33.6,3184
7.53,104,15,92,0.6,1156,20.2,75.3,Pond,Kharif,3.83,Chickpea,24.1,5136
5.07,149,32,165,1.16,1445,29.1,86,TubeWell,Rabi,4.03,Pigeonpea,25.8,1912
7.44,185,68,212,1.33,690,34.7,53.5,Rainfed,Rabi,3.93,Chickpea,9.7,4095
5.85,168,55,127,0.73,705,33.5,58.5,Canal,Kharif,3.75,Soybean,12.5,2881
5.35,102,47,107,1.21,1033,25.5,68.4,Pond,Kharif,1.42,Groundnut,16.1,2533
7.09,81,23,82,0.65,1551,18.7,84.1,TubeWell,Kharif,2.02,Soybean,22.6,4398
6.89,100,71,63,0.66,1024,24.2,87.1,Pond,Kharif,2.61,Paddy,29,1374
7.63,93,44,211,0.43,1338,32,77,TubeWell,Kharif,1.99,Wheat,16.7,4405
7.21,131,28,238,0.83,1247,29.9,44.3,Rainfed,Kharif,3.9,Groundnut,17.6,2616
7.41,195,39,181,1.18,841,25.8,73.5,Pond,Rabi,1.98,Wheat,14.9,3187
5.85,199,34,108,1.43,902,18.9,60.5,Canal,Rabi,1.12,Soybean,14.9,2972
5.53,86,49,206,1.02,529,25.3,63.5,Canal,Zaid,2.3,Urad,33.6,5466
7.25,145,23,132,1.34,1555,26,42.5,TubeWell,Rabi,4.91,Wheat,25.2,2274
7.42,105,35,183,1.29,996,33.8,49.6,Canal,Kharif,1.52,Paddy,12.2,5960
7.97,154,31,170,0.51,1261,28.9,79.5,Pond,Zaid,3.25,Millets,27.5,1791
6.24,108,57,226,0.88,992,23.3,62.7,Rainfed,Zaid,2.45,Groundnut,27.5,4178
6.12,180,60,217,0.44,1398,26.9,55.1,TubeWell,Kharif,0.82,Paddy,26,5182
7.33,84,12,132,1.12,724,19.1,59.2,Pond,Rabi,2.7,Paddy,11.6,3610
6.02,142,51,242,1.44,1492,34.5,82.7,TubeWell,Zaid,3.66,Pigeonpea,19,2047
7.79,146,28,246,0.46,847,24.1,77.4,Rainfed,Rabi,2.81,Urad,10.9,1693
7.58,184,37,76,1.18,1218,26.1,53.6,TubeWell,Zaid,4.42,Maize,30,1745
6.29,125,54,129,1.06,1588,24,45.9,Canal,Kharif,1.8,Urad,25.7,3486
7.25,98,72,183,1,1108,29.6,52.6,Canal,Kharif,0.89,Mustard,21.7,3897
7.26,143,28,62,0.77,664,29.3,86,TubeWell,Kharif,4.71,Pigeonpea,17.3,5037
5.31,73,56,113,0.73,1011,30.2,69.1,Rainfed,Rabi,2.2,Soybean,13,2740
7.71,197,23,239,0.35,1231,22.6,66.7,Rainfed,Rabi,3.09,Soybean,10.9,2083
6.52,86,47,196,0.56,1073,23.4,69.8,Canal,Zaid,4.06,Chickpea,34.2,5156
7.48,53,62,129,0.32,556,20.1,58.3,Rainfed,Kharif,1.96,Maize,13.4,4294
5.96,157,70,172,1,650,29.1,80.4,TubeWell,Kharif,3.72,Mustard,9.6,3565
7.69,175,45,92,0.43,1277,18.7,66.2,Pond,Rabi,1.11,Vegetables,34,4547
6.17,69,49,138,1.35,929,28.2,45.8,TubeWell,Rabi,1.81,Vegetables,22.8,4271
5.03,99,39,197,0.93,726,32.8,46.5,Canal,Kharif,1.15,Wheat,29.5,4875
7.72,145,18,144,1.14,1360,33.1,66.8,Canal,Kharif,4.15,Urad,9.2,5915
5.27,154,73,245,0.79,1294,25.6,86.8,Canal,Rabi,1.5,Groundnut,23.3,2152
5.96,166,42,221,0.97,496,25.8,55.4,Rainfed,Rabi,3.73,Paddy,18.8,4500
7.85,147,61,200,1.43,912,19.3,83.5,TubeWell,Kharif,4.74,Wheat,28.8,4935
7.85,115,23,51,0.4,615,29.4,78.2,Pond,Kharif,2.87,Chickpea,9,4379
6.72,128,62,169,0.6,1555,32,52.4,TubeWell,Zaid,2.93,Urad,18.8,4163
6.9,55,68,71,1.24,524,22.2,41.8,Pond,Rabi,2.57,Vegetables,29.6,5227
6.35,88,50,164,0.42,1505,25.2,45.1,TubeWell,Kharif,1.97,Groundnut,22.1,4447
5.88,164,77,106,0.39,458,32.3,76.4,Canal,Kharif,2.64,Chickpea,22.9,5615
5.99,174,77,121,0.73,560,32.9,50,Pond,Rabi,3.21,Paddy,10.6,4557
7.02,61,17,56,0.41,683,22.1,58.6,TubeWell,Kharif,4.94,Pigeonpea,11.6,3904
7.26,180,11,233,1,505,27.4,65.1,Rainfed,Kharif,4.72,Vegetables,26.3,2237
7.37,67,50,168,0.57,1528,21.3,76.3,Rainfed,Rabi,4.38,Maize,26.2,1270
7.37,89,64,244,1.37,627,19.7,45.7,TubeWell,Kharif,4.5,Vegetables,34.4,4074
5.27,70,25,163,1.24,717,33.5,60.3,Canal,Rabi,2.61,Vegetables,27.2,1305
6.48,192,71,65,1.14,1201,31.9,64.3,Pond,Kharif,3.46,Pigeonpea,21.3,1969
5.17,148,57,132,1.04,1273,30.9,67,TubeWell,Rabi,4.53,Groundnut,31.1,3209
6.65,75,39,228,1.34,871,18.8,80.9,Rainfed,Kharif,2.27,Pigeonpea,10.8,4140
6.32,57,21,121,0.57,1479,32.3,48.6,Pond,Kharif,4.83,Groundnut,20.1,3392
7.66,149,44,173,1.35,1024,25.4,80.4,Rainfed,Kharif,2.37,Mustard,15.8,4695
6.05,136,20,162,1.25,412,23.8,74.6,Rainfed,Zaid,3.2,Mustard,10.8,5511
5.35,91,73,61,1.2,1441,27.3,67.8,TubeWell,Zaid,3.69,Millets,28.6,5555
5.43,63,59,175,0.97,1093,19.6,75,Rainfed,Kharif,4.78,Millets,21.8,2133
7.28,127,30,102,0.6,1372,30.9,60.6,Pond,Rabi,1.6,Vegetables,23,1774
6.85,51,78,124,0.81,512,27.9,46.9,Canal,Rabi,3.86,Pigeonpea,19.1,5130
5.3,168,57,182,1.25,628,21.2,73.3,TubeWell,Zaid,2.84,Soybean,20.4,5580
5.25,86,29,76,0.34,570,21.2,66.2,Pond,Kharif,1.71,Pigeonpea,11.1,5287
7.1,118,76,189,1.24,694,21.1,72,TubeWell,Rabi,3.99,Pigeonpea,26.2,3731
5.22,90,53,194,0.59,588,19,56.9,Rainfed,Kharif,2.99,Soybean,19.7,3619
7.47,111,42,183,0.47,825,28,85.3,Rainfed,Kharif,3.47,Maize,30.1,1269
7.12,109,70,146,0.44,1376,32.3,69.4,Pond,Zaid,1.95,Vegetables,13.3,5674
5.24,174,18,54,0.33,1502,18.3,44.3,Pond,Rabi,2.67,Urad,13.5,2502
5.25,160,77,106,0.93,1057,18.8,62.5,Canal,Kharif,3.28,Soybean,25.4,5014
7.96,63,44,205,0.56,1318,27.7,77.8,Pond,Kharif,2.32,Vegetables,30.8,3549
6.12,133,74,127,1.49,898,31.9,79.7,Pond,Rabi,1.39,Groundnut,20.7,1454
6.11,179,17,118,0.99,1161,23.6,64.7,TubeWell,Rabi,4.83,Urad,27.6,2907
7.44,119,54,167,0.47,1265,23.9,84.7,Rainfed,Kharif,2.8,Paddy,35,5987
7.84,194,56,169,1.13,1225,28.1,53.4,Pond,Zaid,3.8,Vegetables,34.7,2033
7.96,172,49,108,1.38,470,22.7,60.5,Canal,Kharif,2.35,Maize,28.1,3964
7.26,138,63,82,1.19,647,18.5,84.9,Pond,Kharif,2.1,Paddy,28,3671
6.13,77,55,111,0.39,545,30.5,84.8,Rainfed,Zaid,2.33,Millets,14.7,4942
5.25,115,56,99,1.38,981,28.6,74.3,Pond,Kharif,2.34,Wheat,30.5,3235
7.33,54,24,161,1.25,869,27.9,82.9,TubeWell,Kharif,2.95,Vegetables,18.9,3167
6.68,94,28,68,0.49,592,30.6,44.4,Rainfed,Rabi,2.95,Mustard,34,1299
6.27,96,35,246,0.36,1491,29.5,83.2,Pond,Rabi,2.74,Paddy,10.2,3052
7.72,80,61,172,0.97,893,21.5,56,TubeWell,Kharif,1.11,Chickpea,19.8,4383
5.33,188,31,243,0.49,451,24,48.9,Rainfed,Zaid,2.73,Pigeonpea,23,3555
6.48,59,30,96,1.3,1281,20.1,52,Pond,Rabi,1.26,Groundnut,18.9,1311
5.03,167,60,216,0.73,762,20.2,60.9,TubeWell,Kharif,1.07,Paddy,13.7,4358
6.41,63,47,245,1.4,1316,29.5,52.6,Canal,Rabi,4.7,Paddy,24,1382
5.17,129,29,82,0.98,873,32.6,56,TubeWell,Kharif,3.22,Wheat,28.4,5052
5.36,142,38,190,0.52,920,34.4,46.7,Canal,Kharif,3.47,Millets,25.4,1364
5.35,59,60,133,0.47,1090,28.7,54.8,Pond,Rabi,2.31,Pigeonpea,14.3,3337
6.95,125,13,231,0.99,1551,21.1,68.6,TubeWell,Zaid,4.59,Vegetables,27.8,3223
7.24,143,64,184,1.21,931,19.8,62.1,Canal,Kharif,3.37,Vegetables,14.9,1654
6.75,154,37,128,1.24,1239,31.8,57.3,Rainfed,Kharif,3.96,Pigeonpea,12.7,3485
7.89,50,13,63,0.63,1488,27.8,77.3,TubeWell,Kharif,2.16,Wheat,26.6,1741
6.12,182,31,196,0.55,640,28.5,84.7,Pond,Kharif,4.82,Soybean,30.8,3865
5.86,69,54,177,0.32,935,31.3,77.8,Rainfed,Kharif,4.19,Wheat,21,3649
7.61,57,76,103,1.12,482,30,56.6,Canal,Kharif,4.34,Chickpea,22.3,5133
5.67,50,75,197,0.39,1381,32.2,77.2,TubeWell,Rabi,1.27,Urad,16.2,4086
7.89,106,43,78,0.8,1350,19,47.6,TubeWell,Kharif,1.72,Chickpea,21.4,5814
5.04,113,64,73,1.02,1010,30.7,46.5,Pond,Kharif,1.79,Wheat,11.6,5492
7.91,167,10,131,1.42,973,32.5,57.3,Rainfed,Rabi,1.72,Mustard,33.8,5104
5.13,77,47,112,0.67,685,22.9,80.4,TubeWell,Rabi,4.35,Soybean,29.6,2888
7.67,170,15,154,0.6,1388,28.9,52.3,TubeWell,Kharif,0.64,Mustard,26,2837
6.58,156,34,106,1.08,858,23.3,43.2,Rainfed,Kharif,0.84,Chickpea,22.5,5928
7.98,98,26,185,1.04,525,34.3,46.6,TubeWell,Rabi,1.73,Pigeonpea,29.4,5870
5.22,169,70,111,0.7,824,18.6,82.9,Rainfed,Kharif,1.4,Chickpea,21.4,5282
6.66,93,21,206,1.41,953,27.9,71.7,Rainfed,Kharif,1.54,Maize,16.1,3090
7.91,105,15,66,1.31,1009,20.8,52.7,Rainfed,Rabi,4.09,Millets,12.3,4405
6.57,160,36,115,0.57,1581,30.1,67.8,Pond,Kharif,3.03,Groundnut,25.5,1677
6.89,183,17,55,0.59,511,21,66.4,Rainfed,Kharif,0.53,Maize,33.1,3566
7.09,157,74,107,0.91,801,22,72.8,Rainfed,Kharif,2.43,Wheat,12.1,3726
6.36,197,66,118,1.23,521,26.4,51.7,Canal,Kharif,2.34,Paddy,12.9,1566
6.88,163,49,205,0.35,672,33.6,83.2,Canal,Kharif,1.01,Mustard,19.7,3036
6.75,127,23,111,1.13,797,21.6,55.5,Pond,Zaid,3.54,Urad,29.8,2915
7.7,179,44,218,1.08,870,20.5,74.7,Rainfed,Kharif,3.66,Maize,15.9,1212
5.14,86,57,246,0.58,1384,30.9,40.8,Canal,Kharif,3.74,Soybean,14.9,1735
5.84,69,65,131,1.12,1533,26.5,58.6,Canal,Kharif,3.78,Mustard,24.7,4439
7.85,75,58,218,1.43,968,33.5,57.6,TubeWell,Zaid,0.5,Maize,22.5,3517
7.67,78,22,226,0.36,1537,20.5,67.2,Rainfed,Rabi,4.79,Pigeonpea,9.6,5242
6.37,50,70,226,0.68,1296,29,43.6,Canal,Kharif,4.16,Vegetables,10.2,1575
6.86,168,58,120,0.83,1219,22,79.5,Pond,Zaid,4.57,Groundnut,25.4,2924
5.83,84,55,180,1.38,1252,20.7,50.9,TubeWell,Kharif,0.57,Chickpea,20.6,1456
5.56,108,71,59,1.45,1109,29.6,73.9,TubeWell,Kharif,4.7,Chickpea,34.2,3464
6.39,118,17,147,0.83,720,28.1,80.2,Rainfed,Kharif,4.14,Maize,26.3,1649
6.06,61,52,138,1.2,578,30.8,68.1,Rainfed,Kharif,4.27,Wheat,8.3,2093
6.75,69,29,84,0.94,1296,23.3,77,TubeWell,Kharif,0.92,Soybean,21,4412
5.23,92,48,51,0.95,618,25.6,73.1,Pond,Rabi,3.82,Wheat,19.2,2384
7.92,175,58,173,0.63,1188,24.9,57.8,Rainfed,Kharif,4.82,Mustard,10.9,4423
7.96,99,73,73,0.56,891,34.7,80.4,Rainfed,Rabi,3.55,Millets,32.9,2508
7.09,78,71,123,0.65,460,23,54.7,TubeWell,Kharif,3.07,Groundnut,29.7,5905
6.61,88,63,215,0.97,1477,23,68.6,TubeWell,Kharif,4.76,Groundnut,14.2,2116
5.93,87,18,71,0.33,937,24,77.3,Rainfed,Kharif,2.49,Chickpea,14.9,1347
7.44,133,46,203,1.39,1247,27.6,58.9,Canal,Zaid,3.2,Groundnut,8.9,5951
7.05,177,58,220,0.49,1387,22.3,55.1,Rainfed,Kharif,2.64,Wheat,16,3314
5.49,175,50,232,0.56,464,33.6,63,Canal,Rabi,4.7,Soybean,23.8,5216
7.73,94,26,88,0.92,985,22.5,80.9,TubeWell,Kharif,0.84,Soybean,19.4,5140
7.47,101,30,206,1.15,570,33.2,86.5,Canal,Kharif,2.76,Chickpea,34.2,5271
7.85,129,60,69,0.41,934,19.8,67.3,Pond,Kharif,3.59,Maize,9.5,3995
7.18,173,68,90,0.68,1092,29.2,73.1,TubeWell,Kharif,4.06,Vegetables,24,1642
6.84,168,48,231,1.46,507,33.4,85.2,Rainfed,Kharif,3.12,Soybean,31.2,4144
6.25,57,64,197,0.61,1585,20.9,44.9,Rainfed,Kharif,4.59,Wheat,21,5136
7.8,134,50,157,0.68,1213,34.5,51.6,TubeWell,Rabi,4.74,Paddy,8.1,1598
7.6,178,48,196,1.3,1404,25.7,75.4,TubeWell,Kharif,0.79,Maize,14.6,2351
5.14,57,22,133,0.36,851,34.1,81.2,Pond,Rabi,2.31,Millets,16.7,4992
5.08,145,73,160,0.86,989,29.5,82.9,TubeWell,Kharif,0.61,Urad,34.1,4195
6.13,151,20,115,0.76,1439,23.1,60.8,Rainfed,Rabi,1.98,Pigeonpea,32.6,3416
7.43,54,28,207,0.68,726,21.2,44.5,Pond,Rabi,2.92,Groundnut,33.6,2907
7.96,135,20,102,0.64,1007,23.2,61.9,Rainfed,Kharif,4.6,Groundnut,30.3,4531
5.45,83,55,83,0.41,1058,19.6,51.5,Canal,Kharif,4.31,Paddy,17.5,3187
6.78,104,54,199,0.68,401,20.4,54.6,TubeWell,Rabi,1.07,Maize,32.5,5802
6.14,168,10,116,0.35,1433,19.8,78.6,Canal,Zaid,0.92,Chickpea,34.5,3768
7.91,163,49,183,1.24,833,25.2,43.8,Rainfed,Kharif,3.15,Wheat,17.5,1360
7.53,194,28,76,0.78,524,31.5,81.4,Canal,Kharif,2.89,Paddy,15,5635
7.51,75,70,59,0.83,1504,20.4,61.4,Canal,Zaid,1.7,Pigeonpea,22.8,5104
6.41,185,21,122,1.37,884,20.2,69.8,Rainfed,Kharif,4.55,Soybean,13.1,4773
6.24,96,70,145,1.09,1051,28.9,44.5,Rainfed,Rabi,4.67,Chickpea,8.9,4377
5.82,162,42,97,0.31,1573,21.4,56.9,TubeWell,Kharif,2.31,Urad,33.5,3025
5.17,125,54,119,1.43,1199,19.7,44.5,Canal,Kharif,4.51,Vegetables,33,5124
7.59,121,78,236,0.58,1272,20.8,88.1,Pond,Rabi,2.23,Chickpea,12.4,2823
7.44,138,17,149,0.43,528,33.7,80.4,Pond,Rabi,3.82,Paddy,19,2376
8,95,34,108,1.22,837,32,63,Rainfed,Kharif,2.64,Millets,30.4,4920
7.99,82,55,51,0.9,1150,24,51.2,Rainfed,Kharif,1.05,Paddy,25.8,4420
6.67,50,39,206,0.82,900,29.1,86.7,Canal,Rabi,4.68,Paddy,18.7,4459
7.31,196,56,245,0.6,1481,27.1,57.2,Rainfed,Rabi,2.54,Paddy,28.1,1330
7.83,80,58,114,0.96,610,29.5,48,Pond,Kharif,3.81,Chickpea,32.2,4762
7.55,191,56,132,0.63,1301,29.6,68.2,TubeWell,Rabi,2.15,Paddy,33,2699
5.74,102,27,203,1.38,444,28.7,87.2,TubeWell,Rabi,0.58,Maize,18.2,3988
6.35,97,75,59,0.56,1520,22.5,40.2,Canal,Rabi,0.95,Chickpea,12.7,4908
5.39,118,77,102,1.36,934,18.7,51.9,TubeWell,Rabi,2.73,Soybean,32.6,2907
7.86,154,42,128,0.97,860,25.7,86.9,Rainfed,Kharif,3.6,Maize,10.5,2969
6.82,139,45,108,1.29,790,33.1,48.6,Rainfed,Rabi,2.01,Pigeonpea,27.5,2518
5.69,112,28,199,1.16,1467,27.7,45.7,Rainfed,Rabi,3.63,Soybean,11.8,4579
7.02,122,37,228,1.14,426,32.2,68.5,Rainfed,Kharif,3.64,Urad,18.5,3973
6.85,138,49,97,0.69,1193,34.9,83.1,Canal,Kharif,3.67,Groundnut,19.1,4190
6.07,62,24,198,0.58,1520,20.8,63.9,TubeWell,Kharif,2.72,Chickpea,12.3,4244
5.34,122,50,172,0.55,1374,29.8,89.7,Pond,Rabi,4.62,Groundnut,32.9,1575
7.01,126,48,71,1.33,947,29.5,74,TubeWell,Kharif,2.7,Chickpea,8.1,4236
6.56,117,11,149,1.28,1020,34.7,43.7,Rainfed,Rabi,2.53,Soybean,32.1,1860
7.32,147,72,147,0.83,966,34.8,89.6,Pond,Zaid,1.4,Urad,31.9,2603
6.56,174,38,207,0.46,1103,29.7,60.4,Canal,Rabi,1.88,Wheat,16.6,1940
7.56,151,75,74,0.76,584,22.1,54.4,Rainfed,Zaid,0.69,Wheat,27,1503
6.66,181,60,77,1.04,1492,31.6,67.9,Rainfed,Zaid,3.35,Maize,14.8,2285
6.68,151,19,242,0.85,1553,19.8,55.2,Pond,Kharif,1.62,Paddy,28.5,4379
7.63,68,23,162,1.24,1247,31.3,44.3,Canal,Rabi,1.87,Paddy,23.2,2410
6.21,131,60,94,1.5,998,33.5,40.1,Pond,Kharif,3.97,Wheat,16.1,4234
5.4,190,48,117,0.53,1205,24.5,62.5,Canal,Zaid,1.97,Soybean,18.8,1428
5.09,72,37,56,0.85,1577,28.7,81.8,Rainfed,Kharif,1.59,Vegetables,26.6,4319
7.27,132,12,98,0.82,478,25.3,68.6,TubeWell,Zaid,1.26,Urad,32.5,3054
6.86,158,79,186,0.67,978,25.4,90,Rainfed,Rabi,3.99,Maize,11.5,1467
7.11,124,36,213,0.54,812,23.3,54.3,TubeWell,Rabi,1.08,Soybean,23.4,3974
5.64,178,11,132,0.38,945,31,54,TubeWell,Kharif,2.54,Paddy,14.9,4049
5.41,137,47,178,1.36,568,33.9,48,Canal,Kharif,2.78,Maize,29.6,5549
5.04,103,12,187,0.8,1080,34,48.2,Pond,Rabi,3.59,Groundnut,9.9,3334
6.05,138,25,213,0.9,982,21,54.3,Canal,Kharif,3.35,Vegetables,26.6,4659
6.77,192,49,122,1.4,914,32.9,79.6,Rainfed,Rabi,4.15,Mustard,12.7,3469
6.18,114,11,95,1.23,431,30.5,85.3,Pond,Kharif,0.7,Pigeonpea,24.1,2189
6.31,125,50,155,0.46,686,22.3,88.8,TubeWell,Rabi,1.83,Vegetables,30.6,5692
7.71,192,21,209,0.98,993,19.1,51.6,TubeWell,Kharif,1.76,Maize,28.4,2137
6.04,198,44,81,0.83,1466,22.6,84.1,Rainfed,Rabi,1.16,Paddy,28.3,1639
6.54,196,74,55,1.26,1016,33.5,56.4,Pond,Rabi,1.8,Soybean,22,3558
7.35,109,64,225,1.17,1424,28.8,45.6,Rainfed,Kharif,1.89,Groundnut,32.1,3207
6.19,142,54,215,1.13,669,30.3,83.5,Rainfed,Kharif,2.85,Pigeonpea,23.9,4545
6.87,98,71,194,0.71,917,22.4,71.8,Canal,Kharif,3.49,Vegetables,32.8,5330
7.59,84,58,123,1.27,1526,30.2,48.2,Rainfed,Rabi,2.21,Pigeonpea,22.8,4943
7.85,151,34,163,0.36,1433,18.5,61.5,Pond,Rabi,3.74,Maize,21.7,1718
5.44,60,32,76,0.49,982,24.4,54.4,Rainfed,Rabi,2.01,Pigeonpea,14,1468
7.78,148,33,103,0.7,1513,28.7,76.8,Pond,Rabi,1.81,Groundnut,22.7,5933
6.48,159,47,227,0.39,625,20.5,62.7,TubeWell,Kharif,2.94,Urad,11.8,5385
5.77,123,37,212,0.58,1069,32,89.5,Rainfed,Kharif,0.61,Soybean,31.5,2588
6.38,58,30,134,1.3,1316,22,42.7,Pond,Kharif,0.86,Maize,26.2,2894
7.94,52,63,176,1.44,525,29.1,57.8,TubeWell,Kharif,2.38,Pigeonpea,34.8,4473
6.48,134,27,202,0.67,1355,24.9,64.1,Pond,Zaid,4.74,Urad,10.5,2589
5.99,75,45,205,0.62,1520,28.1,65.2,TubeWell,Zaid,3.75,Soybean,14.5,5065
6.9,121,54,160,0.64,473,19.8,55.8,Canal,Kharif,0.9,Chickpea,31.7,4229
5.72,97,62,64,0.63,455,18.3,76.5,Rainfed,Rabi,4.31,Urad,18.7,3535
5.23,166,39,181,0.34,1119,33.5,83.7,Rainfed,Rabi,3.8,Chickpea,20.6,4874
5.39,61,69,142,1.41,952,22.6,86.9,TubeWell,Kharif,3.25,Chickpea,31.2,5776
5.38,182,41,172,0.56,431,31.9,80.3,Canal,Kharif,4.19,Urad,22.1,1700
5.46,97,76,122,0.8,973,35,82.5,Pond,Kharif,2.32,Pigeonpea,13.2,2861
5.42,86,76,204,0.31,1066,21.6,67.5,Canal,Rabi,1.5,Chickpea,32.1,3299
6.92,93,37,203,1.33,683,22.5,81.3,Pond,Zaid,2.8,Pigeonpea,8.8,1302
5.55,64,53,196,1.18,586,29.3,55.2,Pond,Rabi,2.97,Pigeonpea,32.2,3946
6.04,92,50,141,1.44,897,34.4,59.9,Rainfed,Kharif,2.92,Soybean,9.4,4476
7.69,136,72,66,1.24,529,33.6,55.8,TubeWell,Kharif,3.04,Millets,26,4285
6.42,119,32,92,0.68,1038,26.5,63.4,Rainfed,Rabi,4.77,Groundnut,9.9,4737
7,95,57,170,0.6,513,31.5,54.3,Rainfed,Rabi,4.56,Pigeonpea,27.1,2527
5.52,157,41,90,1.14,412,20.3,88.1,Rainfed,Rabi,4.44,Soybean,8.9,3674
5.58,172,66,219,0.74,843,34.6,55.6,Pond,Rabi,4.11,Mustard,30.7,2879
5.12,70,42,227,0.98,846,34.4,44.9,Rainfed,Kharif,4.75,Chickpea,20.6,4946
5.51,156,33,217,0.31,1385,20.8,66.3,Pond,Rabi,0.94,Maize,10.5,3762
5.84,129,48,88,0.37,1392,23.1,42.9,TubeWell,Rabi,1.69,Vegetables,27.1,5363
5.53,96,43,162,0.94,1114,19.7,45.5,Pond,Kharif,2.73,Pigeonpea,21.2,4517
5.27,166,65,200,0.98,473,22.6,51,Pond,Rabi,4.31,Urad,13.2,3636
5.36,173,37,160,1.2,936,31.9,63.2,Canal,Kharif,2.77,Chickpea,8.4,1507
6.38,192,46,229,0.46,500,24.4,61.7,Rainfed,Kharif,3.87,Chickpea,19.3,5196
5.62,74,16,96,0.92,575,19.5,80,Rainfed,Kharif,1.13,Mustard,10.3,2289
6.09,85,77,112,0.53,826,23.8,77,Rainfed,Kharif,1.64,Maize,10.5,5755
6.51,100,46,159,0.41,1540,34.7,61.3,Rainfed,Kharif,3.79,Soybean,15.2,3594
7.07,64,65,118,0.79,1589,28.7,56.7,Canal,Kharif,1.24,Mustard,25,5204
5.12,117,74,92,0.5,440,25.1,55.8,Canal,Rabi,2.08,Groundnut,22.3,1866
7.4,70,74,225,0.57,828,20.8,78.7,Canal,Kharif,1.69,Chickpea,9.9,5363
6.88,190,56,83,0.68,743,34.8,42.6,Canal,Kharif,2.07,Pigeonpea,34.1,3434
5.25,68,29,89,0.61,765,32,40.6,Rainfed,Kharif,3.69,Pigeonpea,32,2436
7.62,83,28,110,0.41,1543,22.8,79.8,Pond,Rabi,2.16,Mustard,15,2823
7.76,127,38,227,0.41,1008,19.2,63.9,TubeWell,Kharif,3,Groundnut,11.3,2574
5.18,174,69,244,0.53,1056,19,46.5,Canal,Kharif,0.95,Wheat,33.4,4511
5.83,166,27,111,0.36,1127,20,51.8,Pond,Zaid,4.12,Paddy,20.5,1376
7.42,101,44,107,1.05,628,27.9,86.6,Canal,Rabi,2.16,Urad,16.4,2553
7.24,76,52,210,0.64,1224,33.8,83,Rainfed,Zaid,3.42,Urad,21.2,4128
5.55,84,20,124,0.64,1553,26.4,75.5,Rainfed,Kharif,3.76,Wheat,28.9,1825
5.63,185,58,65,0.7,1288,32.3,64.1,Pond,Kharif,1.44,Chickpea,12.5,3854
6.11,193,47,131,1.1,1383,25.6,66,Pond,Rabi,4.48,Soybean,28.7,4808
6.45,155,73,143,1.34,1235,30,88.8,Pond,Kharif,3.27,Maize,28.2,4915
6.85,195,78,97,1.21,516,30.4,88.3,Rainfed,Kharif,2.43,Wheat,22.6,5474
6.11,51,17,187,1.17,1217,21,50.8,Rainfed,Kharif,1.32,Groundnut,31.4,1594
6.39,126,43,131,0.88,767,24.1,80.6,TubeWell,Rabi,4.74,Vegetables,11.6,2368
7.24,181,57,87,1.13,1517,28.8,49.9,Pond,Kharif,3.9,Pigeonpea,24.1,1397
5.11,139,65,176,0.96,567,19.2,50.7,TubeWell,Zaid,1.44,Paddy,20.1,2168
5.76,138,74,68,0.56,1353,24.1,73.8,Canal,Zaid,2.02,Chickpea,19.4,5108
7.14,143,40,213,0.55,1060,27.1,60.3,TubeWell,Kharif,4.14,Paddy,14.8,4355
7.69,56,13,236,0.66,1094,34.9,86.6,Canal,Rabi,3.63,Maize,18.1,5964
6.54,144,59,112,1.39,1324,26.1,44.5,Canal,Rabi,3.95,Pigeonpea,10.9,3704
6.6,157,78,126,0.96,551,31.9,65.6,TubeWell,Rabi,2.49,Groundnut,14.8,2476
5.32,123,39,223,1.18,985,25.3,85.9,Pond,Kharif,3.72,Urad,15.3,5367
6.34,88,68,180,0.72,1312,31.5,85.2,Canal,Rabi,2.24,Maize,27.5,5518
6.6,190,76,151,0.79,673,28.1,47.8,Pond,Kharif,1.45,Wheat,9.3,2469
5.73,120,54,114,0.45,895,33.1,58.3,Rainfed,Zaid,3.35,Urad,25.6,2564
5.81,105,13,169,0.51,500,25,71,Canal,Kharif,4.89,Urad,14,2123
6.13,91,35,140,1.29,956,28.3,48,Rainfed,Kharif,1.9,Groundnut,10.2,1670
5.06,85,36,57,1,1505,28.7,88.4,TubeWell,Rabi,2.57,Wheat,16.1,4216
5.97,133,55,228,0.71,472,25.1,85.7,Pond,Rabi,3.53,Mustard,14.1,3254
5.63,167,73,122,1.26,1437,20.5,48.3,TubeWell,Rabi,2.94,Maize,22.9,5483
5.98,56,60,183,0.6,556,19.6,46.1,Canal,Kharif,4.3,Soybean,17.6,3251
5.36,103,59,156,1.47,1134,18.3,44.3,Rainfed,Kharif,3.93,Millets,34.1,4154
7.67,178,15,138,0.71,531,32.9,85.5,Canal,Zaid,0.76,Vegetables,34,2348
6.78,169,68,88,0.7,1418,22,49.7,TubeWell,Rabi,4.99,Pigeonpea,20,4286
7.04,155,24,162,0.67,958,21.6,60.8,Pond,Rabi,3.89,Groundnut,29.5,2159
7.37,96,39,237,0.45,506,30.5,62.4,Pond,Kharif,4.39,Pigeonpea,8.4,1829
6.5,172,51,77,0.43,664,23.4,70,Canal,Kharif,3.43,Maize,22.8,1974
5.26,190,46,146,1.08,1502,26.6,43.6,Canal,Rabi,4.35,Wheat,28.1,1559
6.61,168,51,231,1.35,554,20.8,51.3,Rainfed,Rabi,1.01,Soybean,13.9,1717
6.76,199,44,86,1.25,1387,34.3,86.6,TubeWell,Kharif,2.06,Millets,9.7,2543
7.24,167,15,186,0.47,1396,32.5,85.4,Canal,Zaid,4.44,Paddy,12.2,3169
6.29,70,77,131,0.95,646,32.7,79.1,Rainfed,Rabi,1.41,Soybean,19.9,4427
5.38,186,27,105,0.43,930,24.9,41,Canal,Kharif,0.85,Groundnut,21.7,4099
5.85,75,38,236,0.35,1257,31,56.4,Pond,Kharif,4.05,Pigeonpea,18.3,2134
6.09,58,68,134,1.09,937,20.4,71.4,Rainfed,Kharif,4.26,Soybean,19.9,3186
6.94,64,56,51,0.94,1128,18.1,53.8,Rainfed,Rabi,1.23,Chickpea,20.7,1576
6.71,59,26,238,0.4,1577,18.3,85.5,Canal,Kharif,4.34,Wheat,28.8,4760
6.07,171,31,107,0.34,553,28,71.7,TubeWell,Kharif,3.59,Wheat,10.8,2974
7.96,170,77,156,1.49,491,25.7,43.6,Pond,Rabi,2.84,Chickpea,28.8,2705
6.82,174,78,172,0.34,737,26.8,85.5,TubeWell,Kharif,4.24,Urad,26.6,3854
5.71,121,46,237,0.83,1554,18.1,87.9,Rainfed,Kharif,2.39,Urad,28,2210
5.31,98,58,217,0.91,849,25.2,43.9,TubeWell,Kharif,1.37,Maize,27.8,4677
5.46,140,22,213,0.44,1209,30.2,66.6,Rainfed,Rabi,1.78,Mustard,20.7,2430
5.74,86,43,163,0.5,1186,25.5,55.2,TubeWell,Rabi,2.77,Paddy,13.7,2377
5.48,117,62,156,0.72,672,30.4,59.6,Canal,Kharif,2.89,Chickpea,22.5,5057
5.56,99,60,86,1.21,987,22,49,TubeWell,Rabi,4.13,Maize,33.9,3295
5.86,68,12,128,0.91,576,31.8,68.9,Rainfed,Rabi,4.06,Pigeonpea,23.9,2872
5.52,149,51,141,1.07,1230,28,87.9,Pond,Kharif,3.12,Chickpea,8.3,3128
7.69,109,41,67,1.48,1042,21.6,65.2,Pond,Kharif,4.01,Mustard,9.6,5039
5.24,138,60,147,1.22,1472,22,44.1,Pond,Kharif,1.36,Vegetables,34.8,4378
6.57,195,55,112,0.82,966,28.7,71,Rainfed,Kharif,0.73,Chickpea,9.9,5468
6.23,196,30,199,0.84,1065,32.1,57,TubeWell,Rabi,4.43,Mustard,9.2,3753
7.95,118,53,188,1.04,1267,25.1,82.8,Pond,Rabi,0.84,Mustard,17.5,3645
5.34,98,20,235,1.1,1469,22.4,61.7,Pond,Kharif,1.61,Mustard,34.2,5589
6.19,157,77,234,0.9,701,32.7,49.6,Pond,Kharif,3.63,Vegetables,16.6,1751
7.91,168,10,53,1.07,1267,29.4,49.6,Canal,Kharif,2.34,Wheat,19.1,4097
7.6,198,72,184,0.33,1311,25.6,78.4,Rainfed,Rabi,4.44,Soybean,25.1,2239
7.45,199,33,110,0.82,807,26.3,53.3,Rainfed,Kharif,1.84,Wheat,8.7,2084
5.77,86,22,156,0.63,1221,21.5,78.4,Rainfed,Rabi,0.55,Maize,32.2,4251
5.51,192,20,103,0.46,1552,28.7,50.3,Rainfed,Kharif,1.85,Wheat,22,5429
7.01,60,60,137,0.42,960,24.1,56.1,Rainfed,Rabi,3.1,Vegetables,20.6,4797
7.79,187,26,117,1.02,1541,34.9,63.3,Canal,Zaid,2.19,Wheat,31.2,3755
6.67,127,33,178,0.93,863,26.2,87.2,TubeWell,Kharif,2.91,Pigeonpea,33.7,2289
6.71,126,28,104,0.6,543,26.3,86.6,Canal,Kharif,4.44,Chickpea,19.4,5775
5.84,51,46,52,0.87,841,27.6,50.3,Pond,Zaid,4.61,Wheat,12.7,1658
7.31,113,17,215,0.89,1580,33.6,57.9,Canal,Kharif,1.7,Millets,30,5921
5.56,84,37,170,0.53,886,31.6,47.5,Rainfed,Rabi,2.58,Mustard,18.9,5454
5.97,56,14,178,1.08,1259,25.7,65.5,Canal,Kharif,2.97,Chickpea,33.3,3207
6.28,134,26,151,1.24,1557,30.2,63,Rainfed,Rabi,4.77,Urad,33.6,3120
6.52,195,45,87,1.25,547,28,85,Canal,Kharif,4.99,Pigeonpea,11.1,5727
5.73,116,28,134,1.02,1494,26.4,86.5,Rainfed,Zaid,1.56,Vegetables,33.8,2203
5.34,91,73,206,0.91,1210,21.3,59.2,Pond,Rabi,3.77,Soybean,17.9,4283
6.83,167,20,182,0.37,1065,25.9,64.6,Rainfed,Rabi,2.2,Pigeonpea,25.4,3314
5.87,174,63,141,0.65,489,22.2,84.8,Canal,Rabi,0.54,Mustard,8.9,3789
6.74,73,54,70,0.41,598,33.6,80.3,Pond,Rabi,0.54,Chickpea,32,3343
5.46,95,56,248,1.46,1584,23.7,40.2,Canal,Kharif,2.57,Soybean,25.3,5510
6.44,68,21,244,0.46,937,34.2,56,Pond,Zaid,2.7,Paddy,25.4,3441
6.6,117,30,158,0.48,1544,27.1,61.1,TubeWell,Zaid,0.6,Groundnut,32.4,3286
5.16,151,20,96,1.37,700,28.7,51.5,TubeWell,Kharif,3.59,Pigeonpea,21.7,2138
6.01,91,14,133,1.43,1123,27.2,50,TubeWell,Zaid,1.82,Soybean,19.1,5501
5.4,81,65,132,1.22,1362,20.2,41.9,Canal,Rabi,3.02,Maize,31.4,5170
5.19,158,29,84,0.31,467,24.4,72.2,Canal,Rabi,1.85,Soybean,28,5199
7.97,85,50,245,0.3,858,19.7,53.1,Pond,Kharif,1.25,Groundnut,33.6,5850
5.97,146,55,118,0.75,797,28.6,42.6,Pond,Kharif,2.33,Mustard,33.4,4608
7.43,180,21,178,0.47,1019,25.6,51.5,Pond,Kharif,1.55,Chickpea,18.3,1970
5.76,122,79,245,0.32,1563,31.2,80.1,Pond,Kharif,2.91,Paddy,20.1,1448
7.04,185,26,189,0.86,1129,21.7,82.6,Rainfed,Rabi,1.39,Maize,14.9,1572
7.28,146,28,237,1.43,955,20.8,64.2,TubeWell,Kharif,2.79,Soybean,25.8,4126
6.79,172,35,76,0.69,1180,24.9,60.8,Rainfed,Kharif,1.21,Millets,17.8,5057
6.41,119,57,105,1.09,1293,33.8,88.9,Rainfed,Zaid,3.52,Wheat,29.2,1901
6.24,62,61,72,1.08,1009,30.1,50,Rainfed,Kharif,3.89,Mustard,11.3,3385
6.05,98,79,202,0.6,1147,25.1,50.8,Rainfed,Kharif,1,Pigeonpea,11.1,2141
7.79,109,64,70,1.08,681,26.8,54.6,TubeWell,Kharif,2.61,Pigeonpea,13.5,5114
7.49,179,42,110,0.55,1060,19.4,48.6,Rainfed,Kharif,0.82,Groundnut,10.3,1993
7.9,54,71,112,0.45,1323,34.7,59,Pond,Rabi,3.19,Mustard,24.7,1877
5.37,76,32,171,1.14,1395,29.3,85.5,Canal,Rabi,1.69,Maize,12,2761
7.19,198,24,101,0.44,1145,22.9,70.8,Pond,Rabi,2.87,Urad,12.3,5253
7.82,57,36,137,1.5,486,28,60.6,Canal,Kharif,2.83,Paddy,8.4,1652
5.54,99,73,202,0.52,1502,19.9,86.7,Pond,Rabi,4.66,Vegetables,29.1,3666
5.2,116,60,104,1.01,1190,34.4,42.4,Pond,Kharif,2.97,Maize,29.9,4856
7.22,93,62,95,0.79,703,21,50.5,Canal,Kharif,3.12,Paddy,12.4,5346
6.72,174,60,81,0.45,529,29,68.3,TubeWell,Kharif,2.31,Chickpea,28,4954
7.53,107,56,104,0.33,995,22.2,70.8,Rainfed,Kharif,4.77,Chickpea,19.7,1409
5.42,52,13,145,1.05,957,30.2,42,Pond,Kharif,4,Mustard,14.5,3126
7.39,135,16,182,1.27,1298,31.2,60.2,TubeWell,Kharif,1.78,Mustard,24.8,5166
5.6,119,44,85,1.31,477,29.4,72.5,Rainfed,Zaid,4.3,Pigeonpea,12.8,3077
5.49,179,57,159,0.88,1183,28.4,74.9,TubeWell,Kharif,2.45,Vegetables,28.4,1826
5.49,51,54,226,1.23,1073,33.2,71.9,TubeWell,Kharif,4.23,Vegetables,9.3,3926
7.44,151,28,155,1.11,637,19.3,56,Rainfed,Kharif,4.2,Wheat,33.9,2658
7,84,72,107,1.17,1557,23.6,44.7,Pond,Rabi,1.35,Groundnut,9.9,4024
6.57,147,47,88,0.89,677,22.2,61.4,TubeWell,Kharif,3.66,Wheat,23.6,2450
6.08,79,76,129,1.06,1441,34.8,46.4,Pond,Zaid,1.81,Maize,32.4,5958
7.63,165,68,146,1.27,923,24.6,87.4,Pond,Zaid,1.84,Pigeonpea,8.3,5563
6.18,57,78,162,0.78,579,30.5,63.8,Pond,Kharif,1.83,Paddy,21.5,3363
7.45,199,22,110,1.27,522,29.6,55.9,Rainfed,Kharif,3.77,Urad,17.5,2823
6.32,93,56,186,1.01,1474,21.6,78.3,Canal,Kharif,1.53,Vegetables,23.7,3053
6.13,85,70,55,0.5,1494,22.1,64.9,Pond,Rabi,0.5,Soybean,14.1,1953
6.39,126,40,158,0.33,879,22.8,55.5,Canal,Kharif,3.72,Millets,9.8,3068
5.9,80,31,84,0.74,1442,25,80.6,Canal,Kharif,1.27,Vegetables,24.9,1381
7.24,96,52,88,0.96,483,22,83.4,TubeWell,Kharif,0.97,Chickpea,19.3,2713
6.51,104,76,199,1.31,1578,18.3,73.7,Pond,Rabi,1.57,Wheat,24.8,2102
5.7,155,63,218,0.45,964,32.9,42.3,Pond,Kharif,2.21,Groundnut,13.7,4544
7.7,170,19,167,1.26,1018,34.4,68.3,Pond,Kharif,2.64,Urad,17.1,4653
6.15,104,51,54,1.34,756,23.8,78.2,Canal,Rabi,0.7,Urad,23.2,4807
6.63,193,73,219,0.48,1215,23.8,46.8,Rainfed,Rabi,4.87,Chickpea,24,3756
7.72,61,30,136,1.32,1046,18.1,51.4,Canal,Zaid,3.72,Millets,18.1,3339
6.87,194,75,125,1.49,842,29.6,84.1,Pond,Kharif,1.95,Mustard,15.6,5444
5.35,193,50,244,1.17,1492,32,41,Pond,Rabi,1.93,Vegetables,15.4,3364
7.82,189,33,207,1.24,922,20.5,77.6,Pond,Rabi,2.52,Urad,12.7,3812
6.88,185,44,106,1.49,542,20.7,63.7,Canal,Kharif,3.32,Maize,16.8,3221
6,52,65,176,1.03,591,31.4,62.3,Pond,Rabi,1.16,Maize,13.4,4021
5.42,193,39,78,0.67,777,28.5,40.4,TubeWell,Kharif,1.35,Mustard,25.1,3481
7.38,79,66,214,1.31,980,18.8,81,Pond,Zaid,4.37,Paddy,23.4,2770
6.86,72,56,136,1.04,934,28.6,58,Rainfed,Kharif,1.65,Pigeonpea,18.3,3172
6.6,141,44,190,1,1432,23.3,67,TubeWell,Rabi,2.21,Mustard,16.8,5186
7.68,164,28,209,0.6,492,24.3,73.9,Pond,Kharif,4.42,Millets,14.4,3444
7.37,153,17,95,1.21,928,31.1,75.1,TubeWell,Zaid,3.48,Maize,22.5,3642
5.46,167,35,165,0.4,1577,31.8,87.8,Pond,Kharif,2.04,Urad,32.8,1913
5.94,54,39,161,1.41,804,24.8,66.6,Rainfed,Zaid,3.58,Maize,26.5,4745
5.75,153,16,200,0.69,1239,34.1,60,Pond,Zaid,0.59,Soybean,28.1,1422
7.23,157,76,94,0.45,1572,24.9,87.7,TubeWell,Kharif,3.81,Pigeonpea,30.5,2063
5.1,114,74,194,0.83,1288,31.1,72.1,Rainfed,Rabi,2.69,Groundnut,17.5,5825
6.71,170,45,153,0.35,821,26.2,54.9,Canal,Zaid,4.16,Vegetables,9.7,2625
7.29,79,34,134,1.12,871,33.3,46.3,Rainfed,Kharif,4.8,Soybean,24.8,3504
7.63,198,46,243,1.38,1292,33.4,82.1,Rainfed,Kharif,4.67,Vegetables,13.1,1853
6.03,133,10,183,1.3,946,19.5,58.1,Rainfed,Rabi,4.59,Paddy,23.4,2359
7.46,199,24,157,0.45,1030,33.9,73,TubeWell,Kharif,2.8,Chickpea,28,3042
5.33,81,46,67,0.45,1437,32,63.5,Rainfed,Kharif,2.12,Soybean,29.2,1643
7.54,65,22,143,1.28,1177,31.5,49.9,Pond,Kharif,2.59,Paddy,16.1,3665
5.38,87,17,199,1.41,763,21.4,70.1,Rainfed,Kharif,3.6,Paddy,21.8,5869
6.19,191,14,82,0.85,518,31.7,43,Rainfed,Kharif,4.48,Vegetables,24.8,5636
7.39,85,69,207,0.9,945,32.5,60.7,Pond,Kharif,1.43,Groundnut,30.1,4057
5.45,163,10,175,0.68,1592,22.9,67.3,Pond,Zaid,4.63,Chickpea,28.6,2480
5.69,115,45,209,1.37,921,34.2,61.8,Canal,Rabi,4.17,Wheat,34.7,4239
7.17,154,44,219,1.07,1033,18.8,77.4,Rainfed,Kharif,4.9,Mustard,8.2,4995
7.16,134,75,171,0.65,1362,20.5,81.4,TubeWell,Rabi,4.46,Urad,19.8,4837
6.92,51,72,187,0.66,1357,27.1,78.6,Rainfed,Rabi,1.76,Millets,14.9,4958
7.08,124,32,164,1.37,1282,27.8,41.9,Rainfed,Zaid,0.98,Millets,11.2,1299
6.63,116,18,213,0.32,1179,29,49.7,Pond,Kharif,1.01,Vegetables,32.6,3286
5.76,104,43,211,0.69,1270,18.3,66.8,Canal,Kharif,1.81,Millets,34.9,3510
6.04,55,55,77,0.97,915,34.3,86.7,Rainfed,Zaid,3.26,Wheat,12.9,5445
5.54,199,13,60,0.48,1337,18.8,81.7,TubeWell,Zaid,4.12,Mustard,9,3937
7.73,192,39,216,0.41,1265,20.4,82.1,Rainfed,Rabi,4.55,Millets,15.4,2807
6.75,135,12,96,1.28,505,18.2,55.2,TubeWell,Rabi,3.31,Mustard,30.5,4153
6.2,109,23,176,1.37,1508,27.6,61.5,Pond,Kharif,0.53,Urad,15.9,5181
6.39,150,69,196,1.29,613,33.8,63.5,Canal,Rabi,1.34,Vegetables,9.5,4394
7.84,61,54,167,1.38,1544,29.3,47.9,Rainfed,Kharif,0.95,Millets,9.4,5539
5.46,98,43,192,0.96,1555,32,41.6,Canal,Kharif,2.13,Vegetables,19.5,5882
6.76,91,54,175,1.27,1249,18.2,87.3,Rainfed,Rabi,2.76,Chickpea,33.2,4292
6.52,131,70,205,0.76,596,27.2,52,TubeWell,Kharif,0.7,Paddy,15.7,4162
6.83,84,25,201,1.1,418,25.8,52,Canal,Kharif,2.07,Millets,19.5,3862
5.05,183,75,121,1.49,1041,26.5,44.2,Rainfed,Zaid,1.31,Mustard,10.8,2055
7.62,116,49,156,0.57,1435,19.2,86.4,Pond,Kharif,3.41,Paddy,21.3,3346
7.8,129,26,186,0.77,1504,29.6,69,TubeWell,Zaid,2.59,Groundnut,26.8,2586
6.7,56,43,224,0.88,729,26.6,73.4,Canal,Zaid,2.73,Millets,15.3,2916
7.09,63,25,82,0.47,1265,31,85.6,Rainfed,Rabi,2.42,Millets,16,5351
7.77,122,69,239,0.4,1173,26.2,57.3,Canal,Kharif,4.8,Soybean,30.7,2925
7.12,192,75,68,1.3,791,20.5,71.1,Rainfed,Kharif,1.47,Paddy,8.3,3153
5.46,198,75,244,1.47,1036,29,41.9,TubeWell,Kharif,2.82,Millets,25.2,1384
6.73,115,22,123,0.79,706,20.9,49.3,Pond,Kharif,3.81,Chickpea,18.6,1721
6.82,140,65,217,0.41,1294,32.8,81.6,TubeWell,Kharif,3.01,Urad,16.1,3511
6.27,179,40,224,0.38,1051,28.4,78.3,Canal,Zaid,4.68,Paddy,25.8,2448
7.21,69,43,242,1.37,1240,20.7,57.5,Canal,Kharif,2.2,Urad,30.5,2858
7.8,59,48,206,0.86,1425,34.4,58.8,Rainfed,Rabi,2.59,Pigeonpea,23.1,2202
7.78,74,76,227,0.68,919,26.8,66.7,TubeWell,Kharif,0.9,Mustard,8.8,4427
6.35,74,17,147,0.87,1035,19.2,40,Rainfed,Rabi,3.24,Groundnut,20.5,4338
5.34,103,64,190,0.68,1139,28.7,52.1,TubeWell,Zaid,1.8,Soybean,20.5,3128
7.95,82,36,178,0.89,868,22.3,50.4,Canal,Kharif,1.22,Chickpea,22.7,1593
7.52,144,62,211,1.33,611,31.7,52.5,Rainfed,Kharif,2.95,Groundnut,26.1,2817
5.37,63,48,142,1.01,1535,31.9,80.3,Rainfed,Rabi,2.9,Soybean,8.5,4841
7.76,114,74,225,1.13,1431,34.6,54,TubeWell,Rabi,0.84,Vegetables,21.6,1860
7.61,159,26,97,0.74,1203,26.5,49.6,Pond,Rabi,3.64,Groundnut,23.9,5364
6.56,129,39,226,1.19,876,25.7,65.2,TubeWell,Kharif,3.31,Vegetables,17.3,1519
6.77,103,62,113,1.1,1273,30.8,83.3,Pond,Kharif,1.35,Groundnut,26,3424
6.2,174,22,110,0.44,859,20.3,52.1,TubeWell,Zaid,2.61,Maize,14.2,1783
5.16,180,30,206,0.99,652,27.3,43.9,Canal,Zaid,3.74,Mustard,16.6,4800
6.01,183,28,88,0.61,1151,27.3,57.8,Rainfed,Kharif,2.88,Wheat,34,1781
7.41,74,62,177,1.26,1380,19.5,77.4,TubeWell,Rabi,2.28,Soybean,17.4,4896
5.01,190,28,137,0.81,1253,25.1,67.5,Canal,Kharif,1.95,Chickpea,17.4,2967
6,166,66,75,1.49,635,32.5,80.8,TubeWell,Kharif,3.25,Paddy,24.1,2756
6.19,185,34,66,0.41,877,32.6,88,Rainfed,Kharif,4.73,Groundnut,34.2,2998
6.61,198,40,120,1.24,1078,19.7,79.6,TubeWell,Kharif,3.52,Groundnut,34.5,5406
7.76,74,64,62,1.11,1443,19.5,70.2,Pond,Rabi,0.84,Soybean,23.7,2198
6.04,128,32,118,1.22,615,22.5,64.7,Rainfed,Kharif,2.57,Vegetables,8,1957
6.04,117,41,75,0.67,1254,32.9,42,Pond,Kharif,4.51,Pigeonpea,32.3,1482
7.21,61,71,98,0.89,534,20.2,89.2,Canal,Rabi,0.93,Wheat,23.4,1330
6.36,81,19,244,1.26,1304,30.2,59.2,Canal,Rabi,4.95,Groundnut,17.9,2493
5.67,177,63,56,0.58,1552,19.7,47.6,TubeWell,Rabi,4.77,Millets,30.4,1260
6.36,145,61,107,0.57,809,28.6,73.3,Pond,Zaid,0.85,Maize,18.8,3411
5.42,141,29,98,0.96,485,24.1,54.2,Pond,Kharif,4.7,Urad,8.9,2748
5.53,190,41,152,0.93,955,31.4,69.3,Rainfed,Rabi,2.13,Maize,30.2,5567
6.5,80,23,102,0.64,777,22,69.3,Pond,Rabi,4.3,Wheat,22.7,2981
6.26,127,59,242,0.66,1474,28.9,62.3,Pond,Rabi,2.38,Millets,17.1,1237
7.74,69,37,111,0.63,641,22,81.8,Rainfed,Kharif,2.48,Maize,14.8,4831
6.09,195,62,66,1.23,1319,30.1,53.2,Rainfed,Kharif,3.35,Urad,24,3864
6.74,109,33,220,1.08,665,32.9,62.4,Pond,Zaid,3.99,Paddy,13.6,1673
6.9,183,31,74,1.3,1543,20.2,66.9,TubeWell,Kharif,0.65,Mustard,16.7,1258
5.04,142,39,180,1.47,1111,32.7,73.2,Rainfed,Zaid,3.17,Paddy,25.2,3836
6.99,92,72,78,0.87,469,28.1,79.2,Rainfed,Rabi,1.34,Mustard,31.8,3814
5.53,179,13,166,0.38,456,20.2,59.7,Pond,Rabi,2.06,Pigeonpea,22.4,3814
7.88,109,68,209,0.36,438,25.3,72.3,Pond,Rabi,2.07,Pigeonpea,28.5,5678
5.45,80,17,75,0.65,1200,20.7,47.5,Rainfed,Rabi,2.61,Vegetables,28.6,2611
6.24,54,21,173,1.42,1441,29.9,86.6,Pond,Kharif,2,Pigeonpea,25.9,1284
5.26,59,40,193,0.93,1131,30.9,59.2,Rainfed,Rabi,0.98,Maize,14.6,2733
7.99,138,43,74,0.63,1224,19.8,76.5,TubeWell,Rabi,1.16,Pigeonpea,31.4,4997
6.51,179,58,103,0.78,1155,26.6,41,TubeWell,Kharif,0.65,Mustard,19.8,3874
6.79,175,66,205,1.02,751,31.8,50.3,Rainfed,Kharif,2.62,Paddy,9.2,4073
5.2,60,35,122,1.08,682,33.9,64.4,Rainfed,Kharif,4.8,Soybean,14.6,4320
7.25,105,27,169,0.48,509,26.7,83.9,Canal,Zaid,1.02,Groundnut,28.7,2290
5.63,132,47,105,1.47,1416,34.2,66.4,Canal,Kharif,4.76,Mustard,9.9,4034
7.69,186,59,114,0.95,943,27.1,86.5,Pond,Rabi,3.8,Paddy,12,5424
5.62,148,17,142,0.46,424,24.7,64.2,Pond,Kharif,3.37,Paddy,26.7,3276
5.57,198,50,135,1.37,1242,32.4,64.5,Rainfed,Kharif,3.4,Groundnut,32.1,4390
5.11,122,15,129,0.39,1190,26.4,46,Rainfed,Rabi,4.22,Millets,25.1,5987
6.42,164,78,218,1.39,1137,26,80.1,Canal,Kharif,0.98,Soybean,14,5428
6.69,56,53,157,1.5,456,26.3,52.3,Canal,Rabi,2.77,Millets,9.4,2408
5.2,129,73,228,1.14,579,32.4,85,Rainfed,Rabi,3.64,Millets,24.6,4777
7.33,193,38,167,1.22,631,32.1,85.5,TubeWell,Rabi,3.14,Paddy,9.3,5941
6.36,146,37,248,0.7,742,24.9,87.2,TubeWell,Kharif,4.25,Urad,24.5,3781
6.57,53,20,206,1.43,876,23.7,66,Pond,Zaid,0.83,Chickpea,14.1,4987
6.32,53,74,132,0.94,975,26.4,73.9,Rainfed,Rabi,3.61,Mustard,32.4,1715
6.2,152,28,196,1.18,854,27.7,78.9,Rainfed,Zaid,2.9,Maize,20.8,3412
6.68,89,18,243,1.41,688,22.1,46.6,Pond,Kharif,2.21,Millets,14,4174
5.47,66,36,218,1.47,657,31.5,70,Canal,Rabi,2.03,Pigeonpea,31,2132
5.55,150,43,222,1.3,929,26.3,41.7,Canal,Zaid,3.29,Maize,14.9,2863
7.59,152,53,64,0.66,1086,23.7,64.9,TubeWell,Zaid,4.51,Wheat,16.3,1756
7.84,173,77,180,1.46,1328,19.8,47.7,Rainfed,Kharif,2.73,Urad,30.5,2871
6.12,101,24,188,1.05,628,22.1,49.1,Canal,Kharif,4.21,Maize,16.3,2192
5.81,101,60,230,1.42,995,34.1,58.3,TubeWell,Kharif,2.31,Groundnut,19.1,2828
6.93,173,22,223,1.11,834,23.2,61.6,TubeWell,Kharif,0.96,Chickpea,17.4,2891
6.23,112,58,79,0.67,1281,20.9,71.2,TubeWell,Kharif,0.78,Soybean,11.1,2304
5.08,165,79,106,0.74,1420,25.8,43.7,Canal,Kharif,0.73,Groundnut,9.1,2470
5.47,111,65,195,0.96,801,23.2,65.2,Canal,Zaid,2.21,Millets,27.6,4102
7.15,56,60,228,1.25,1021,18.6,49.1,Rainfed,Kharif,2.02,Urad,25.4,5944
6.98,141,46,177,0.68,487,23.5,68.7,Rainfed,Rabi,3.73,Urad,15.6,2609
5.08,63,26,97,1,983,27.2,71.9,TubeWell,Kharif,3.84,Millets,16,4846
5.67,135,67,243,0.71,708,27.4,67.8,TubeWell,Kharif,0.73,Chickpea,33.5,2530
5.69,182,38,185,1.28,1305,24.1,76.9,Canal,Kharif,1.5,Paddy,34.7,5923
7.02,179,42,71,0.86,742,25.6,56.8,Canal,Kharif,1.73,Maize,20.8,3254
5.06,111,69,55,0.39,835,34.4,78.3,Rainfed,Rabi,2.96,Pigeonpea,29.7,2153
5.31,198,64,234,0.5,576,24.4,61.6,Rainfed,Zaid,1.15,Millets,27.9,3042
7.4,128,19,153,0.37,538,22.4,64.2,Pond,Kharif,1.1,Pigeonpea,16,4002
5.54,198,56,85,0.9,593,22.1,72.4,Rainfed,Kharif,4.75,Maize,9.6,1209
6.96,187,32,128,0.43,1587,25.8,40.9,Canal,Kharif,4.12,Chickpea,11.8,3809
5.71,107,30,165,0.44,1584,30.9,72.7,TubeWell,Zaid,1.31,Paddy,30.6,1321
5.3,169,22,106,1.43,1342,21.5,70.9,Pond,Rabi,2.33,Soybean,27.7,5982
5.73,182,42,98,1.35,924,30.1,55.5,Rainfed,Rabi,2.1,Chickpea,25.9,3760
7.17,114,33,222,0.84,1465,18.4,44.3,Rainfed,Rabi,4.06,Vegetables,11.5,4237
7.57,62,20,131,1.48,1314,25.1,44.5,Canal,Rabi,2.8,Pigeonpea,25.3,1640
7.49,131,26,115,0.3,609,31.2,86.2,Pond,Kharif,1.08,Urad,28.8,3949
6.19,188,77,126,1.04,1140,23.8,74.5,Rainfed,Kharif,3.83,Urad,31.2,1790
7,198,56,94,1.04,1261,27.6,46.4,TubeWell,Zaid,2.29,Wheat,8.4,2568
5.61,101,34,128,0.85,1353,21.5,57.8,Canal,Rabi,1.68,Mustard,26.5,3189
5.88,166,30,69,0.78,1232,30.6,69.6,Pond,Rabi,2.19,Groundnut,8.5,2561
7.69,75,21,241,0.85,539,18.9,81.8,Rainfed,Rabi,2.74,Groundnut,27.1,4973
5.04,83,46,172,0.8,1191,32.5,42.2,Rainfed,Kharif,2.04,Millets,25.2,3264
5.26,101,51,116,1.18,945,21.4,51.8,Pond,Rabi,1.59,Pigeonpea,12,3615
5.62,161,26,132,0.46,1416,32.9,84.5,Canal,Rabi,2.29,Groundnut,28.7,4151
5.08,131,57,52,0.54,456,24,40.5,Pond,Kharif,0.59,Groundnut,9.8,3968
5.54,91,37,231,0.52,511,30.3,50.1,Pond,Rabi,3.98,Chickpea,30.3,4616
6.75,70,50,113,0.61,404,23.4,88,Canal,Zaid,1.27,Soybean,15.1,2776
6.26,91,56,89,0.93,1436,33.4,70.7,Rainfed,Kharif,0.7,Pigeonpea,26.6,1314
7.68,190,27,108,0.43,489,20.2,53.1,TubeWell,Kharif,3.44,Wheat,32.9,2568
7.45,162,22,232,1.34,1015,21,43.3,Canal,Kharif,3.98,Soybean,17.2,1338
6.03,154,22,111,0.66,1290,26.4,41.4,TubeWell,Rabi,4.16,Wheat,21.6,4573
5.78,66,40,181,0.5,1097,19.4,52.2,Rainfed,Kharif,2.72,Pigeonpea,20.5,2515
6.14,169,11,109,1.11,1297,21.3,84.1,Pond,Rabi,1.42,Paddy,12.3,1273
6.77,186,25,165,0.35,1370,34,60.8,TubeWell,Zaid,3.82,Paddy,23.9,5046
5.8,178,18,124,1.04,1531,34.6,76,Rainfed,Kharif,3.65,Groundnut,28.1,1683
6.87,179,47,171,1.14,1067,24.4,85.9,Rainfed,Zaid,1.61,Millets,32.8,5311
6.23,109,63,156,0.56,993,33.7,60.4,Pond,Zaid,4.57,Urad,31,2749
6.66,97,65,145,0.35,988,27.3,49.6,Pond,Kharif,0.97,Chickpea,21.8,2559
6.31,78,54,140,0.74,884,22.6,65.9,Rainfed,Kharif,4.92,Groundnut,27.4,3096
5.88,146,43,207,0.42,1381,29.9,85.4,Rainfed,Zaid,4.37,Mustard,29.6,5424
7.85,59,18,179,0.44,1371,29.2,80.2,TubeWell,Zaid,3.6,Paddy,21.3,1710
7.29,107,17,111,0.61,1038,34.8,43.3,Rainfed,Kharif,4.72,Groundnut,11.1,1622
5.42,70,16,98,0.65,1396,22.5,74.6,Rainfed,Kharif,3.75,Urad,19.8,3632
7.61,77,45,186,0.94,681,29.4,68.6,TubeWell,Kharif,1.36,Wheat,30.7,3106
6.46,83,27,141,1.11,1385,18.9,85.4,Canal,Zaid,2.49,Vegetables,24.1,5527
7.68,57,12,208,1.01,1511,19.9,46.1,TubeWell,Kharif,0.82,Wheat,27.6,2158
7.4,128,37,173,0.48,415,18.1,66.7,TubeWell,Rabi,2.25,Maize,13,2024
6.28,194,79,110,0.51,1574,35,84,Pond,Rabi,3.84,Chickpea,34,1264
5.07,136,53,97,1.35,1335,31.6,60.5,TubeWell,Kharif,2.24,Millets,18.9,5910
5.81,137,30,202,0.97,653,31.4,64.1,Rainfed,Rabi,1.99,Wheat,25.6,4548
6.62,118,37,213,1.34,728,26.7,43.5,Rainfed,Kharif,3.18,Maize,8.5,2000
6.9,136,63,185,0.75,943,23.1,53.9,Rainfed,Zaid,4.42,Paddy,11.4,1477
5.77,150,63,107,1.04,1182,20.6,56.2,Canal,Kharif,0.71,Wheat,29.1,2917
5.42,57,74,150,0.93,1396,22.8,87.3,Rainfed,Rabi,2.23,Millets,34.1,3613
7.5,126,30,161,0.68,1244,24.4,54.1,Canal,Rabi,1.21,Groundnut,16.6,2438
7.95,136,22,222,0.86,1592,30.9,63,Rainfed,Kharif,3.63,Urad,9,5723
6.58,92,66,111,0.9,765,27.2,73.6,TubeWell,Kharif,0.98,Vegetables,17.7,2686
5.52,178,58,88,0.54,1054,19.3,48.1,Pond,Kharif,3.49,Mustard,8.5,5881
5.82,158,63,107,0.68,1159,18.3,64.3,Rainfed,Kharif,1.79,Wheat,13.2,4498
5.06,66,19,148,1.25,1038,19.7,76.9,Canal,Rabi,1.4,Mustard,28.3,5670
7.74,182,62,241,1.4,1463,25,83.3,Canal,Rabi,4.71,Mustard,33.3,4195
5.35,197,53,93,0.73,1323,33.9,71.3,Pond,Kharif,0.58,Mustard,10.4,1292
6.73,70,56,78,0.67,815,28.8,73.5,Rainfed,Rabi,2.47,Soybean,23.1,4731
5.82,107,62,108,0.53,654,31.6,46.3,TubeWell,Rabi,0.6,Mustard,14.9,3040
6.66,159,55,120,1.11,1566,25.9,87.3,Rainfed,Rabi,2.68,Soybean,11.8,4727
6.95,188,22,141,0.69,1109,24.1,46.6,Rainfed,Kharif,2.75,Urad,13.9,2821
7.49,192,46,58,1.49,976,19.8,78.7,Pond,Kharif,1.95,Mustard,23.6,2761
5.62,184,33,176,0.69,1299,32.9,53.2,Rainfed,Kharif,1.09,Maize,9.8,2616
5.03,77,11,183,0.77,410,31.3,86.7,TubeWell,Rabi,2.19,Mustard,19.7,4164
5.41,100,23,206,1.02,425,20.9,76,Canal,Kharif,3.53,Pigeonpea,11.7,5390
7.7,54,19,235,1.26,1356,26.7,77.7,Pond,Kharif,4.02,Chickpea,15.4,2330
7.62,54,44,194,0.86,820,26.3,51,TubeWell,Kharif,2.89,Maize,13.2,2613
6.79,143,34,193,0.81,895,28.6,62.2,Canal,Rabi,3.15,Millets,31.8,4797
6.8,145,12,180,1.49,636,34.1,70.9,Pond,Kharif,1.4,Wheat,27.1,4944
7,57,26,70,0.31,1408,27.9,78.5,Pond,Kharif,1.79,Urad,31.4,3318
5.53,113,21,113,1.37,618,27.2,45.2,Canal,Kharif,1.23,Urad,18.4,1863
7.74,187,63,139,0.48,860,18.9,88.1,Canal,Kharif,1.62,Pigeonpea,16.5,3834
6.26,87,33,85,1.24,1062,19.1,84.5,TubeWell,Rabi,1.51,Pigeonpea,18.3,3974
6.15,160,38,111,1.04,1034,21.2,53.5,Rainfed,Kharif,2.84,Pigeonpea,8.5,5169
6.56,161,52,219,0.71,1567,18.6,81.1,Rainfed,Kharif,3.03,Pigeonpea,27.6,4690
5.14,130,34,125,1.35,1389,30.6,65.9,Rainfed,Rabi,4.75,Pigeonpea,17.4,2771
5.5,185,69,219,0.32,588,30.3,63.1,Rainfed,Kharif,1.38,Paddy,16.5,2723
7.21,153,74,238,0.57,654,20.3,55.7,Rainfed,Kharif,3.39,Groundnut,24.1,2187
5.25,122,37,62,0.98,467,32.2,69,TubeWell,Zaid,4.18,Urad,19.8,4438
6.81,98,25,60,0.72,1015,20.6,76.5,Pond,Kharif,3.02,Pigeonpea,34.5,5045
5.74,85,56,103,1.03,735,23.1,60.5,TubeWell,Kharif,1.65,Wheat,17.6,4893
6.17,175,67,65,0.33,1070,22.2,71.5,TubeWell,Kharif,1.68,Vegetables,24.6,1298
5.87,117,36,57,0.44,1220,24.3,75,TubeWell,Kharif,0.68,Paddy,16.4,3488
6.07,127,62,153,0.45,1273,22.3,75.6,Pond,Rabi,1.87,Maize,34.7,2714
7.16,154,51,108,0.53,699,26.3,42.6,TubeWell,Rabi,3.85,Vegetables,20,5497
5.89,171,68,106,0.85,756,24.9,83,TubeWell,Rabi,0.71,Maize,25.1,1833
6.7,168,56,89,1.2,655,34.8,62.9,Pond,Kharif,1.49,Soybean,11.4,5785
6.43,163,43,236,1.39,1407,19,53.1,TubeWell,Kharif,3.68,Groundnut,27.8,1778
6.99,59,46,179,1.3,752,20.4,52.1,Rainfed,Rabi,4.02,Vegetables,15.3,5159
7.81,198,15,143,0.54,923,18.9,64.2,Canal,Zaid,2.55,Maize,20.1,1472
7.2,189,16,187,0.83,1349,28.6,84.3,TubeWell,Kharif,3.64,Pigeonpea,31.8,5154
5.64,140,34,93,0.54,1155,18.9,58.9,Canal,Kharif,2.25,Urad,34.2,5127
5.09,51,42,188,0.62,683,32.2,77.5,TubeWell,Kharif,1.22,Soybean,19.5,1652
5.79,167,64,129,0.9,498,26.7,44.8,TubeWell,Kharif,2.29,Chickpea,30.5,2375
6.79,62,67,130,0.38,596,27,63.8,Rainfed,Kharif,3.11,Paddy,9.4,1613
5.15,144,16,51,0.56,881,27.5,89.6,Pond,Kharif,4.77,Chickpea,30.9,2750
6.49,193,66,227,1.42,1277,20.9,78.5,Canal,Rabi,0.81,Chickpea,25,5726
6.79,81,21,189,0.86,1014,21.4,50.5,Pond,Rabi,2.78,Pigeonpea,21.2,3146
6,81,25,164,0.83,1017,23.4,65.1,Rainfed,Kharif,1.98,Chickpea,32,1391
7.31,173,52,139,0.32,767,28.1,51.7,Rainfed,Kharif,2.79,Chickpea,30.8,1240
5.32,60,16,72,0.6,969,21.6,60.5,Canal,Rabi,0.61,Maize,16,3059
5.23,59,60,195,1.34,989,20,79,Pond,Kharif,1.91,Millets,29.4,2532
7.18,64,41,111,0.5,1498,34.5,78.6,Rainfed,Rabi,4.19,Soybean,10.7,4649
6.49,66,17,162,0.8,1465,18.4,51.4,TubeWell,Kharif,2.99,Chickpea,30.2,1335
7.07,195,54,177,0.32,821,31.6,86.1,TubeWell,Rabi,2.53,Vegetables,26.2,5401
6.3,108,68,111,0.87,1235,31.4,69.6,TubeWell,Kharif,1.78,Groundnut,10.4,5814
5.74,127,13,87,0.33,944,23.1,59,Pond,Kharif,1.84,Wheat,26.4,3141
7.46,173,76,244,1.28,470,20.3,65.1,TubeWell,Kharif,2.22,Soybean,23.7,2765
7.4,163,38,215,1.29,1528,20.5,70.3,TubeWell,Kharif,4.26,Groundnut,24.1,5421
7.08,71,38,244,1.25,1524,29.9,68,Rainfed,Kharif,4.85,Wheat,15.9,1588
5.82,81,37,110,0.64,1167,28.9,64.3,Rainfed,Rabi,2.47,Chickpea,15.2,2758
6.77,162,53,178,1.3,706,31.3,65.2,TubeWell,Kharif,2.27,Millets,28.6,3321
6.08,169,13,222,0.95,776,33.9,48.8,TubeWell,Kharif,4.31,Mustard,14.9,2228
5.27,198,18,205,0.75,1054,29.8,80.6,Rainfed,Rabi,2.42,Urad,20,4734
7.75,171,14,198,1.05,1077,20.6,67.1,Canal,Rabi,2.98,Groundnut,26.8,1281
5.41,81,65,171,0.31,798,22.1,46.6,Pond,Zaid,1.54,Chickpea,10.1,1975
7.85,168,59,159,0.47,620,32.3,78.3,Pond,Rabi,3.85,Vegetables,24.1,4238
6.34,88,24,62,1.19,581,21.6,86.6,Rainfed,Kharif,2.89,Vegetables,23.9,5573
